음식점,사용자명,리뷰,_merge
윤스쿡,레오788,"마제소바 준비하신다고 테스트로 맛보여주셔서 기대하고 있다가 출시 됐다고해서 바로 방문했어요~
역시 윤스쿡은 메뉴 하나 하나가 다 제대로네요~
개인적으로 마제소바로 유명한 백**보다 맛있습니다..ㅎㅎ
면 먹고 다시마 식초 조금 넣고 밥 비비니 감칠맛 폭팔입니다!!
팁이라면 사장님이 밥 넉넉히 주신다고 밥 많이 넣지 마세요~~ㅎㅎ",both
윤스쿡,지뚜짓뚜,친구들이랑 정말 맛있게 잘 먹고 왔습니다! 새로 나온 마제소바도 맛있어 보이던데 다음에 또 방문해서 꼭 먹어봐야겠어요~🫶🫶,both
윤스쿡,idh****,"혼자 갔더니 2인석인데도 눈치란 눈치는 다 주시더라구요 ㄷㄷ

메뉴판 던지시고 물 안주시고 카드 낚아채가시고..
앞으로는 방문하지 않겠습니다 혼자 방문해서 죄송합니다.. . .",both
윤스쿡,smmine00,"맛있어요.
히레랑 광운대정식 맛있어요",both
윤스쿡,세살더어리게,"윤스쿡은 말해 뭐해요~
역시 명불허전입니다.
한자리에서 오랫동안 사랑받는데는 이유가 있습니다.",both
윤스쿡,케이티6688,양도 많고 맛도 있어요.,both
윤스쿡,힝힝이힝힝,"돈까스 잘 안먹는데, 여긴 진짜 맛있네요 :)",both
윤스쿡,ㅎ니은ㅎ,"튀김옷이 얇고 고기 진짜 두꺼워요!!
",both
윤스쿡,케이티6688,광운대돈까스를 좋아합니다. 치즈와 옛날돈까스의 조화. 양많고 맛나요. 학교앞이라 점심때가면 줄서야합니다.,both
윤스쿡,강정EE,학교앞 돈가스중 제일 맛있움ㅜ,both
윤스쿡,19챌91,너무 맛나네요,both
윤스쿡,fjr****,양이 부족하긴 하지만 맛있어요~~*,both
윤스쿡,omib,"두툼하고 지방하고의 비율도 딱 좋아요ㅎㅎ
정말 맛있고 가격도 나쁘지 않아요",both
윤스쿡,하얀사과78,맛있어요,both
윤스쿡,fyd****,굿,both
윤스쿡,이6754,굿,both
윤스쿡,케이티6688,"광운대학교 앞에서 지금까지는 제일 맛난 돈까스집 .
점심때는 늦게가면? 거의 줄서야합니다.",both
윤스쿡,마음잡기,딱 점심 시간에 가서 자리가 좀 불편한 곳에 앉을 수 밖에 없었음. 대기도 있었고...그 외에도 약간 짜증이 날 상황이었으나 친절하셔서 참게 되었음ㅋㅋ 음식도 미리 주문했지만 오래 기다린편. 음식맛은 히레랑 로츠 먹었는데 그 정도 퀄리티에 가성비 있다고 느꼈음. 다른 분들은 브라운 돈까스도 많이 드시던데..담엔 그거 먹어볼까 싶음. 재방문 의사 있음.,both
윤스쿡,율블리반짝7,너무너무 맛있음,both
윤스쿡,케이티6688,윤스쿡돈까스 맛나요. 소스듬뿍에 돈까스와 치즈돈까스 혼합조화 ,both
윤스쿡,WaterShadow,"1시 반에 갔는데 히레와 새우가 떨어져서 브라운 돈까스를 주문해 보았다.
고기 두께가 히레나 로스보다 얇아 빨리 나왔지만, 다른 돈까스 집에 비하면 두툼하고 고기 맛이 좋다. 
이것도 아주 훌륭한 맛!
",both
윤스쿡,yty****,👍,both
윤스쿡,비쥬9639,"한마디로 너무 맛있어요..^^
고기가 엄청두껍고  입에 넣을때 육줍이
팡 팡 터져서 감동이에요 
다른곳 얄은 돈가스랑은 비교불가네요
자주 오는곳오는곳이 올때마다 매뉴마다
다 제 취향이에요
",both
윤스쿡,중국여행,혼자서 먹기에도 좋아요,both
윤스쿡,RedMoon,"가격이 타가게 비해 비교적 빠르게 꾸준히 우상향으로 오르고 있지만 만족스러운 맛으로 자주가는 윤스쿡🙂🙂
맛있게 잘먹었어요~👍
",both
윤스쿡,희망으로 가득찬,맛있어요.,both
윤스쿡,핼이,광운대 앞에 있는 맛집이라 방문하였는데 소문대로 정말 맛있었습니다 메뉴도 다양하고 돈까스 튀김도 바삭바삭해서 맛있고 안에 들어간 고기가 진짜 부드럽고 맛있었어요 치즈카츠는 치즈가 푸짐하게 들어가있어서 먹고나면 충분히 배부르더라고요 종종 돈까스 생각날때 방문할것 같아요 사장님도 넘 친절하시고 좋았습니다,both
윤스쿡,hss****,맛있어요,both
윤스쿡,gs****,"시원한냉모밀에 히레카츠
맛나게먹었어요",both
윤스쿡,김은주6834,굿,both
윤스쿡,아가릿다이어터,광운대 돈까스 1.1👍,both
윤스쿡,엘사 ㅇ,굿,both
윤스쿡,졸탱,"대학가치고 가격이 조금 있는것같아여ㅠ
그리고 윤스쿡정식 현금은 10500원인데 계좌이체는 안된다네요 무조건 현금만 가능합니다",both
윤스쿡,그림쟁이4,"돈까스가 있네요..! 광운대 앞에 식당있는지 몰랐는데
이층에 있네요 사람들이 많아요 맛은 무난하고 괜찮아요~",both
윤스쿡,WaterShadow,"+ 입 안에서 녹는 히레. 고기 퀄이 장난이 아니다. 매번 놀라울 정도의 높은 퀄리티가 변함 없이 제공된다 (최근 한 달 사이 4번 이상 방문). 여기 방문 이후 내 최애 히레까스 집이 바뀌었다. 여기로. 
+ 스탭들도 친절하시고 일처리가 빠르심
가격대는 음식 대비 저렴하다로 느껴지는데, 학교 주변이라 가능한 것일 듯 싶다.
- 웨이팅이 길다. 바쁜 점심 시간에 안 기다리려고 11:30에 갔는데도 20분 기다림. 다들 나처럼 생각하고 왔나 보다. ㅠㅠ
- 영업 시간이 짧다. 저녁으로 먹기는 어려운 집

팁: 음식 양이 많은 편이라 매번 남기고 나올 때마다 아까움 ㅠㅜ
양이 적은 편이라면 작은 반찬 용기 하나 들고 가자.",both
윤스쿡,shokhyong9,긋,both
윤스쿡,꽃순이6924,돈까스 맛있고 제육도 불맛 나고 맛있어요,both
윤스쿡,최선과긍정,"혼밥하기좋아요
음식이맛있어요",both
윤스쿡,한씽,월계동에서 이가격...? 대기 많은게 신기하긴 해요,both
윤스쿡,하아니이,친절해요  굿~~~,both
윤스쿡,id****,좋아요,both
윤스쿡,식수대2 개80,맛이있음,both
윤스쿡,WaterShadow,"+ 양도 많고 맛도 훌륭하다. 두꺼운 히레지만 입 안에서 살살 녹는다.
- 영업 시간이 짧다.",both
윤스쿡,hjs071850,맛집을 찾았습니다.,both
윤스쿡,WaterShadow,"+ 입 안에서 녹는 히레. 고기 퀄이 장난이 아니다. 매번 놀라울 정도의 높은 퀄리티가 변함 없이 제공된다 (최근 한 달 사이 4번 이상 방문). 여기 방문 이후 내 최애 히레까스 집이 바뀌었다. 여기로.
  + 스탭들도 친절하시고 일처리가 빠르심 
가격대는 음식 대비 저렴하다고 느껴지는데, 학교 주변이라 가능한 것일 듯 싶다. 
- 웨이팅이 길다. 바쁜 점심 시간에 안 기다리려고 1:30에 갔는데도 10분 정도 기다림. 점심 시간은 더 힘들지만, 그래도 앞뒤 시간대로 가면 좀 덜 기다림
- 영업 시간이 짧다. 저녁으로 먹기는 어려운 집  

팁: 음식 양이 많은 편이라 매번 남기고 나올 때마다 아까움 ㅠㅜ 양이 적은 편이라면 작은 반찬 용기 하나 들고 가자.",both
윤스쿡,Kositive,"저희 커플이 돈까스를 좋아해 서울에 맛있다는 돈까스집도 가보고 프렌차이즈 돈까스집도 많이 가봤는데 정착한 집입니다.
다른 특별한건 없고 오히려 소스나 와사비는 평균 이하라는 생각이 들 정도인데 다른 것 없이 고기로 부십니다.
그냥 소금만 딱 찍어먹으면 달달한 맛과 함께 고소한 기름이랑 육향이 팡 터져요!!
가본 곳 중에 육향이 가장 강하고 좋은 집이라 여기 말고 다른곳은 좀 심심하게 느껴질 정도입니다!  개쩌추 우리 1등 맛집",both
윤스쿡,WaterShadow,"+ 입 안에서 녹는 히레. 고기 퀄이 장난이 아니다. 매번 놀라울 정도의 높은 퀄리티가 변함 없이 제공된다 (최근 한 달 사이 4번 이상 방문). 여기 방문 이후 내 최애 히레까스 집이 바뀌었다. 여기로.  

+ 스탭들도 친절하시고 일처리가 빠르심

가격대는 음식 대비 저렴하다고 느껴지는데, 학교 주변이라 가능한 것일 듯 싶다.

- 웨이팅이 길다. 

- 영업 시간이 짧다. 저녁으로 먹기는 어려운 집  

팁: 음식 양이 많은 편이라 매번 남기고 나올 때마다 아까움 ㅠㅜ 양이 적은 편이라면 작은 반찬 용기 하나 들고 가자.",both
윤스쿡,윤스쿡,로스가  쫀득하니 아주  맛나네요,both
윤스쿡,쩡4520,"넘넘 맛있는데 가격이 계속 올라서 슬퍼요 자릿세가 올라서 그런거겠죠.,,? 근ㄷㅔ 언제 먹어도 맛있어요",left_only
윤스쿡,yoo****,음식이 나오는 시간이 좀 오래걸리는게 아쉬워요ㅠ 대신 그만큼 주문하고 나서 시작되는거라서 먹을 때맛있어요!! 양도 많아요,left_only
윤스쿡,이쁜걸로해,히레카츠 부드럽고 담백해서 좋아요,left_only
윤스쿡,morning84,"돈끼스가 밋나요

쭈꾸미제육 맛있었는데 지금은 제육만 햇니 아쉬워요",left_only
윤스쿡,llllllllll1212,굿,left_only
윤스쿡,freshbans12,굳,left_only
윤스쿡,Eun hoon,굿,left_only
윤스쿡,하얀사과78,진짜맛있어요 늘 가고싶은곳,left_only
윤스쿡,아임도치파파,광운대돈가스 맛있어요~~~...,left_only
윤스쿡,하얀사과78,진짜돈가스 맛있어요,left_only
윤스쿡,slrmi,굿,left_only
윤스쿡,복많은걸,맛있어요돈가스,left_only
윤스쿡,kol****,"양이많아 자주이용하는
곳입니다",left_only
윤스쿡,둡76,기대만큼 엄청 맛잇진 않앗엉요,left_only
윤스쿡,hap****,굿,left_only
윤스쿡,소소한행복행,굿,left_only
윤스쿡,sunnysunday,너무맛있어여,left_only
윤스쿡,llIIllIIllII,맛있는데 비싸짐,left_only
윤스쿡,morning84,"광운대 맛집입니다
방학때 조금 한가해서 기다리지 않고 먹었어요",left_only
윤스쿡,sunnysunday,너무 맛있어요!,left_only
윤스쿡,JOYjoy,맛있어요!,left_only
윤스쿡,pink00ss,굿,left_only
윤스쿡,wis****,맛있어요 ,left_only
윤스쿡,감쟈감쟈2,굿,left_only
윤스쿡,orangewilly,좋아요,left_only
윤스쿡,황금별7258,"맛나요
제육양이 좀 적네요",left_only
윤스쿡,돆앵,굿,left_only
윤스쿡,고구마감자365,맛있어요,left_only
윤스쿡,빗소리1677,맛있어요,left_only
윤스쿡,데이브1983,굿,left_only
윤스쿡,느낀대로 리뷰,처음먹을땐 몰랐는데 몇년뒤 종종 생각나는 맛집. 직화제육이 참 맛있다.,left_only
윤스쿡,진주412,굿,left_only
윤스쿡,sunnysunday,"히레까스 체고,,",left_only
윤스쿡,느낀대로 리뷰,비싸지만 맛있는 히레…,left_only
윤스쿡,seo****,제육세트 히레까스 굿 ,left_only
윤스쿡,Sponge25,완전 맛있다 ,left_only
윤스쿡,Iilliliiill7,좋아요,left_only
윤스쿡,부천후후,진짜 나만 알고싶은 가게에요 돈까스 카츠 모두 존맛입니다,left_only
윤스쿡,sunnysunday,돈까스 진짜 너무 맛있어요,left_only
윤스쿡,코코흰둥,굿,left_only
윤스쿡,뿌꾸빠리,맛나요~!,left_only
윤스쿡,ljc****,맛나요,left_only
윤스쿡,빗소리1677,좋아요 ,left_only
윤스쿡,비즈아이콘,"광운대정문앞에 있는 유명한 돈까스 집이라고해서 방문해봤어요 
양도 많고 너무 맛있네요~~^^",left_only
윤스쿡,알라씨61,생각보다 맛있어요 학교앞이라 계속 방문예정입니다,left_only
윤스쿡,구매욕구,굿굿,left_only
윤스쿡,cyboscch,좋와요,left_only
윤스쿡,수동이71,굿,left_only
윤스쿡,럭셔리오서방,광운대학교 앞 맛있는 점심.돈가스 불고기덮밥 맛잇어요,left_only
윤스쿡,빗소리1677,친절해요,left_only
윤스쿡,눈먼기사,광운대 맛집,left_only
윤스쿡,아자아자9327,굿,left_only
윤스쿡,kim****,조아요,left_only
윤스쿡,swj****,맛있어요,left_only
윤스쿡,77레인보우,좋아요,left_only
윤스쿡,kim****,굿,left_only
윤스쿡,jjc****,맛있어요,left_only
윤스쿡,three99,너무맛있어요,left_only
윤스쿡,alice2082,굿,left_only
윤스쿡,hjs****,돈까스가 맛있어 인기가 좋은 음식점이예요,left_only
윤스쿡,hjs****,좋아요,left_only
윤스쿡,hee****,혼자먹기좋아요,left_only
윤스쿡,sun****,음식이 너무 맛있어요,left_only
윤스쿡,alice2082,넘 맛나요 히레가스 최고,left_only
윤스쿡,반짝반짝별별,너무너무 맛있어요♡ 최고!!,left_only
윤스쿡,960****,돈가스고기는 넘 부드럽고 제육도 불맛이나 넘 맛있어요.,left_only
윤스쿡,시인 김윤아,맛있음,left_only
윤스쿡,검은별79,직화제육 맛있어요,left_only
윤스쿡,데이브1983,좋아요,left_only
윤스쿡,hailey74,사람많아요,left_only
윤스쿡,ssh****,맛있게 먹었습니다,left_only
윤스쿡,goldnbs,돈가스 맛있습니다~,left_only
윤스쿡,사자2595,무난해요.,left_only
윤스쿡,서나1242,저렴한 가격에 냄새 안나고 먹을만했어여,left_only
윤스쿡,여민,돈까스 바삭하고 맛있어요,left_only
윤스쿡,여민,"밥이 많아서 쭈꾸미는 약간 모자랐지만, 맛있어요! 저렴하고 배부르게 먹기 좋아요",left_only
윤스쿡,사자2595,평범,left_only
윤스쿡,노드리54,광운대 가성비 갑. 직화제육 추천.,left_only
윤스쿡,방가방가햄토리57,동가스 맛있어요,left_only
윤스쿡,이다미72,너무 맛있어요 맛집 인정~^^!!👍,left_only
윤스쿡,보거스4678,"음식이 너무 맛있어요.
특히 돈가스 맛집입니다",left_only
윤스쿡,아리식,점심때 항상 사람 많고 파불고기랑 쭈꾸미덮밥 왕돈까스 다 맛있어요,left_only
윤스쿡,파이란79,"돈까스 맛있어요
",left_only
윤스쿡,찡39,맛있구 양도 많아요,left_only
윤스쿡,vHMv,맛있어요~!,left_only
윤스쿡,쩌쩌잉,너무 맛있어요~!!!,left_only
윤스쿡,for****,다 맛있습니다.,left_only
윤스쿡,루스4789,팡운머 맛집!!돈까스 다 맛남,left_only
윤스쿡,긍정2528,맛있어요,left_only
윤스쿡,ser****,맛나요,left_only
윤스쿡,you****,왕돈까스 짱! 고기 부드럽고 소스 맛있어요.,left_only
윤스쿡,프라다의 여인,"돈가스와 불맛나는 쭈꾸미를 맛볼 수 있어요.
주인분이 친절하시고 밑반찬은 셀프서비스로 무한리필됩니다.왕돈가스는 크기가 거대하고 소스가 아주 촉촉해서 고기가 부드러워요.안심돈가스도 정말 입안에서 살살 녹을정도로 부드럽습니다.쭈꾸미는 불맛이 나서 자꾸 손이가요.톡 터지는 느낌이 아주 좋아요. 밥 비벼먹어도 좋습니다.",left_only
윤스쿡,vivapass,맛있게 잘먹었어요^^,left_only
윤스쿡,Rosie 13,굿굿,left_only
윤스쿡,cys2753,맛나요,left_only
윤스쿡,손고,초심을 잃으셨네요,left_only
윤스쿡,슈비두비두,맛집맛집,left_only
윤스쿡,h1618,직화파불고기덮밥 진짜진짜진짜맛있어용!!!!!!!!!!!!,left_only
윤스쿡,야코코코,존맛탱구리,left_only
한상,사랑엔열정,"장점
1.뷰가 너무 좋다.멀리 인수봉도 잘 보인다.
2.돌솥밥이 기름지고 맛있다.
3.반찬이 전반적으로 짜지 않고 간이 잘 맛다.
4.다양한 반찬이 최대 장점.
5.추가 반찬 주문해도 새접시로 바로 서비스.
6.쌀밥양이 작아서 골고루 먹어도 포만감 맞음.
7.평일점심을 차분히 시간 즐기며 먹었다.
8.다른 메뉴 먹으로 또 방문예정.
9.친절하고 상냥하다.
10.대표 메뉴 가성비로 알맞다.",both
한상,구찌또또마마,"사장님의 무례함빼고 직원의응대와 맛은 최고였음
사장이조지는 가게 오랜만이네요",both
한상,RHO00,"1인 25,원의 나쁘지 않은 한정식
근처에 이렇게 정갈하게 나오는 한정식집이 없어서 왔는데
그냥 딱 이정도 가격의 느낌?
지방에서 오신 부모님은 조금 아쉽다고는 하셨는데
그건 저도 공감. 25,원 치고는 조금 아쉽지만 서울물가라 어쩔 수 없다고 생각하기로 ㅋㅋ

돌솥밥이 진짜 맛있음. 제가 밥을 잘 안 먹는데도 다 먹을 정도면 진짜 맛있는거.

13층이라 트인 전망은 좋은데 근처가 전부다 개발 중이라 뷰가 좋은듯 안좋은듯",both
한상,효bin,오픈때부터 가던곳인데 여태 다니면서 이렇게 불친절 한날은 처음이네요. 음식도 맛잇고 아이들 데리고 가서 먹기 좋아서 어른들 오시면 항상가서 먹던곳인데 음….. 밥먹으면서 보니 바쁜날인데 일하는 사람이 부족해서 불친절한건지 앞접시 달라니까 그릇이 모자라다고….. 식당에서 어떻게 하면 그릇이 모자랄수 잇나요….참 …… 상을 나눠서 달라고 하니 예약 안해서 안된다며… 여태 한번도 예약을 하고 간적이 없는데 갑자기? 흠…이런날은 예약없이 밥도 못멋는건가요?,both
한상,gray195hotel,"연말 모임을  한상에서 했는데  분위기 좋고 재료신선 친절하시고 맛도 좋네요
잘 먹고 갑니다
^^",both
한상,apa****,"지난번보다 가격은 올랐는데 반찬은(불고기 제외됨)
오히려 줄었네요ㅠㅠ",both
한상,장동글이,"진짜 한상으로 딱 ! 깔끔하니 맛있는 한정식이었어요 !!
가족모임하기 정말 좋았습니다 ~~",both
한상,pil****,굿,both
한상,진달래11111,굿~~~~,both
한상,쮸느님,보통 한정식집 반찬이 짠데 이곳은 맛있고 간이 약해서 너무 좋아요. 반찬하나하나 음식모두 맛있었고 스탭분들 매우 친절하세요,both
한상,곡즉전,테이블에서  보이는 전망이 볼 만합니다. 음식은 가격대비 조금 부족해 보이네요. 다음에는 더 나은 맛을 기대합니다.,both
한상,apa****,전망좋은 곳에서 맛있게 먹었네요~~,both
한상,당당598,좋은 사람들과 오붓하게모여 분위기있는 곳에서 맛있게 먹고왔습니다.,both
한상,blu****,지인들과 늦게 점심 먹으러 갔다가 갈만한 곳 찾아보고 왔는데 만족합니다.  한참 수다 떨다 왔어요~ 맛도 괜찮지만 장소가 주는 편안함이 좋았어요!,both
한상,svd****,단체 모임이 있어서 비빔밥 먹고왔는데 넓고 쾌적해서 좋았네요. 가격도 요즘 시세에 비하면 적당했구요. 모임하기 딱 좋은 곳 같아요 ㅎㅎ,both
한상,라이트필더,음식이 깔끔하고 자리가 넓어서 옆자리 눈치안보고 모임하기에 딱이네요. 화장실도 깨끗했어요. 바에 탐나는 술이 가득해서 찍서봤습니다.,both
한상,위킴,칸막이가 있는 방에서 가족모임 잘 했어요~ 음식도 맛있었습니다 :),both
한상,이기석36,"손님 모시고 갈곳 찿다가 갔는데
음식이 깔끔하네요
저는 미식가는 아니라서 모르겠는데
모신분이 조미료 맛이 안난다고 좋아하시네요
여사장님 같으신분께 여쭤보니 
음식으론 장난치지 않으신다고  
쉐프의 기가 느껴졌어요
",both
한상,haw****,좋아요 ,both
한상,2647483,굿,both
한상,han****,"예약없이 갔는데도 너무 맛있었고 잘먹고 왔습니다.
다음에또 방문 의사 있습니다.
너무 잘나와서 벌써또 먹고 싶네요 ㅎㅎㅎ",both
한상,hsl****,"반찬들이 다 맛있어요
",both
한상,랑랑이73,음식이 신선하고 좋아요;;,both
한상,vam****,좋아요,both
한상,여우제이,가족모임 잘했어요~~ 잘먹었습니다,both
한상,핑또50,솔직히 가격대비 별로입니다.. 가격만큼 반찬이나 메인메뉴가 부족한 듯 해요.. 관리도 안되는 느낌.. 다신 안갈거에요,both
한상,철부지신부,별로...,both
한상,yuns4,일단 먹기는 잘 먹었어요 ^^ 가격대비 그냥그렇고  사장님 같은 사복 여자분 까칠하고 불친절하고 가성비 별로예요 매장은 넓네요,both
한상,소망종합부동산,00,both
한상,랑랑이73,음식이 넘 맛나요,both
한상,cho****,음식 정갈하고 맛있네요~ 공간이 넓어 쾌적하게 식사했습니다. 무엇보다 직원분들이 친절하셔서 더 만족해요~,left_only
한상,CS 암행어사,맛 있어요,both
한상,가능동사람,"저번에 갔을때는 엄청 쌀쌀 맞은 여자분 있었는데
오늘은 6월8일 목요일 13시
이쁘고 너무 친절하신 여자분 계셔서
좋았어용ㅎㅎ주차까지 물어봐주시고 갬동이야
점심메뉴 떡갈비,가자미 먹었는데
가자미가 다이어트를 했는지 많이 야위었지만
그래도 너무 너무 맛있는 점심 한끼해서
좋았습니다",both
한상,성직겸,"기대하고 갔는데 실망감이 더 컸다~^^
아들 생일이라 좀 근사한곳에 가서 식사하고 싶어 갔는데 너무 허접했다...~
그냥 일반 음식점 백반먹는 것 같았다
아내가 1주전에 갔을때는 괜찮았다고 해서 다시 간 곳인데 다시는 가지 말아야겠다고 한다~
같은 가격인데 평일하고 어떻게 이렇게 다를수가 있단 말인가...~^^
먹고 나오긴 했지만 아들한테 너무 미안하고
선택을 잘 못했다는 자책감이 들었다
음식의  종류나 맛도 대 실망이다
 다시는 갈 곳이 못된다....~^^",both
한상,봄이오면 28,잘 먹었습니다. ,both
한상,go****,맛은 뭐 그럭저럭 나쁘지 않은데 홀직원 응대는 너무 문제가 많네요. 좀 젊은 여자분이요. 손님 응대하는 태도가 세상 귀찮은 표정과 말투… 손님이 상위에 손울 올리고 있는데 말도 없이 상을 쑥 빼가질 않나! 여기 몇번 왔던 곳인데 직원 응대가 너무 불쾌해서 이제 다시는 안 가려구요. 1인에 25000원짜리 밥 먹으면서 공짜밥 먹는 사람 대하듯 막 대하는 식당은 이제 안 갑니다,both
한상,좋아좋아3734,"데스크에 계시던 분 불친절하세요
음식은 먹을만 하고 가성비는 안좋아요",both
한상,난다요21,좋아요~,both
한상,sinyoungbong,한식 생각나면 가는 곳이에요 ,both
한상,가능동사람,"오늘도 친절한 언니계셔서 너무 좋았습니다ㅎㅎㅎㅎ
♡♡♡♡♡♡",both
한상,임정희69,서비스짱 ,both
한상,김선주95,"캐주얼한 한 상 차림 느낌인데 비하여 음식 가격 높음.
그 가격에 비해, 음식 담은 그릇이 플라스틱이고, 특히 후식 -매실음료-은 종
이컵!에 나옴.

하지만, 조용하게 분위기 있는 환경에서 다양한 한식 깔끔하게 먹을 수 있는, 모임 가능한 장소",both
한상,제니쌤32,"팔순파티로 온가족 1인 3만5천원 한정식예약해서
먹었어요
음….2만5천원짜리 예약했으면 더 욕먹었을것
같아요 ㅠㅠ
좀 가격대비 약한듯하고 음식은  맛나지만 좀 비싸네요 ㅠㅠ
육회 추가비 내고 드셨어요
밥 양 적어요
반찬 리필은 해줍니다

암튼 강츄는 저희는 ……ㅡㅡ",both
한상,rho****,맛있어요,both
한상,umg****,좋아요,both
한상,woogel2770,예비시부모님 모시고 식사했는데 조용하고 음식도 맛있었어요,both
한상,배블러do,"평일 저녁에 가니 매우 한적하고 좋았습니다😊
최근에 한정식이 먹고싶어 한상이 생각나서 갔는데 오랜만에 잘먹었습니다~
메인디쉬(새우장, 떡갈비, 가자미구이)빼고 반찬들 넉넉히 리필되니 맛있게 밥 먹고왔어요~
엄청 고급진 곳은 아니나, 조금은 가볍게 가족들이 와도 좋은곳이예요

더 비싸 상차림과 술안주메뉴들도 더 다양해요~",both
한상,healing2003,가족모임시 좋아요,both
한상,새벽이슬5312,"층이 높아서  공사장뷰지만 시야가 트여 좋아요. 
어른들 모시고 갔는데 음식은 그냥 가정식 수준이라고 보면 되고 돌솥밥에 강낭콩 2개가 뭔가요? 단호박 어디갔죠? 메뉴판 사진을 바꾸셔야죠. 
나름 한정식인데 한상에 나오는 건 이해해도 종이컵에 매실차는 좀 그렇네요. 
어른들 모셔가서 이래저래 따질 순 없지만 저렴한 가격 때문이라고 하기에는 음식수준에 비해 가성비도 떨어집니다. 
영수증 리뷰까지 하면서 남기는 것 성가시고 귀찮지만 다소 실망스런 식사에 속상해 주절거려봅니다.",both
한상,스칼렛52,ㄱ,both
한상,메이메이69,"이버에는 예약을 잘 받으시네요~
잘 먹었습니다
다음에 또 방문하겠습니다",both
한상,Flying SEON,"리뷰가 좋아서 가족끼리 가봤느데 리뷰가 왜 좋은지 모르겠네요. 떡갈비도 수제가 아니구 가격대비 음식 구성이 허술해요. 4인 25000구성 시켰다가 너무 먹을게 없어서 낙지볶음 추가 했어요.
차라리 한가지 맛있게하는 백반집이 낫겠어요.
직원도 불친절~ 음식은 엄청 빨리 나왔어요.",both
한상,kkj****,굿 ,both
한상,오리공주님,"가족모임 이나 특별한날가기좋인요
",both
한상,용맘,굿,both
한상,thf****,음식의 질과 양이 너무 실망.  맛도 없고 조미료맛만  넘침. 식사후 다음날까지 기분이 안좋았을 정도ᆢ식원도 불친절하니 참조하세요,both
한상,단이9717,숭늉이 최고였네요ㅎ,both
한상,Ham53,"룸이 있어 모임장소로 괜찮아요
콜벨 누르면 직원분이 조금 늦게 오시긴하는데 괜찮네요 반찬도 많아요",both
한상,cosmosbill28,"리뷰보고 간건 아니지만 주차편하고  격있는 한정식  기대하며 1인 35000원 짜리 시켰는데...
이건뭐 먹을게 없네요
메뉴선택도 그렇고 맛도 그렇고 종류도 그렇고 음식이 따뜻하지도않고
1시에 갔는데 그많은 테이블이 텅텅비어있고 1팀있었네요 알아봤어야했는데..손님초대한거라 자리를 옮길수도 없고해서 그냥 앉았는데 그 가격에 이런음식은 좀 아닌듯  하네요  맛도없곳음식에 성의도 없고",both
한상,월천자동수입,전화 받으시는 분 때문에 예약 안하려가가 음식 가성비 좋아서 했어요~ 가볍게 먹고 오기 좋아용! 단체석 많아용,both
한상,메이메이69,"사장님 예약전화를 이상하게 받으심, 룸예약은 4시반이나 7시반에 예약 가능하다해놓고 ,  7시반에 가능할지 모른다함 예약대기 해야한다함 ~~8시 라스트 오더인데 .-.- 그럼 차라리 받지 말던가 … 어쨌던  중요한 날인데 가서 못 먹을까바 일찍 가서 일반석 기다림 ,  큰 룸은 끝날때까지 사람 안들어간걸 보아하니  4명은 차라리 룸 안된다 하는게 나을듯 
음식 맛은 괜찮았으나 양이 다소 적음,  메인제외하고 계속 리필해야됨,",both
한상,귀린맘,"가족모임을 하는 테이블이 많이 보였어요.
음식이 짜지 않고 맛있어서 좋았어요.
해파리냉채 좋아해서 먹었는데 간이 기가막히더라고요.
음식이 정갈해서 모임이나 한정식 생각날때 좋을것 같아요.",both
한상,jis****,전망좋고 한상차림도좋고 맛도좋고 얼씨구나  좋구나~,both
한상,예레미야,가족과 함께가기 좋아요,both
한상,ssssss87,"뭐가 그렇게 기분이 나쁘고 불만이 가득한지 ( 여자분 ) 주문할 메뉴 말하니까 말하지 말고 자기가 물어보겠다고 말도 못 하게 해놓고서는
주문받는 내내 버벅. 미간에 인상 잔뜩 부린 채로 포스가서도 3번이나 다시 물어보고. 그럼 받아 적든, 한 번에 잘 알아듣든 해야지 무슨 이유로 말 다 끊고 당당하게 받으셨는지?반찬리필도 한참 뒤에 가져다주면서 미안하단 말도없고, 빈접시 치워달라길래(“빈접시만 치워주세요”) 가져간다는줄 알았는데 본인이 리필음식 놓을거니까 그냥 어디론가 치우라는거였고 ㅋㅋ계산할때 먼저 앞에계신분들한테 예약했냐고 물어보고 예약했다니까, 대답만 듣고 우리보고 갑자기 계산해주겠다고..등등..서비스를 떠나서 인성 문제인걸까요? 차피 개선할곳은 아니고 다른분들의 행복한 식사시간을 위해 남깁니다.",both
한상,와니하니,"어머님 생신이신데 식구가 좀 많아 예약했고 수라한상 선택했으며 정신없어 사진은 자세히 못찍었지만 메인으론 가자미구이, 육회, 낙지볶음, 떡갈비 된장찌개는 기본 나오고 소불고기는 추가했어요. 음식은 그냥 보통이고 반찬 중 간장새우와 김치전 굿 ! 매장이 넓어 많은 인원 단체모임하기 좋아요.",both
한상,위니2322,맛있어요 두번째 방문입니다 직원들도 친절하세요,both
한상,릭57,예약시간 30분 지나서 식사가 나오면 예약을 왜 받나요? 늦게 온 팀이 식사가 먼저 나오길래 물어보니까 저쪽은 시간 딱 맞춰서 왔다고요? 저희는 10분 먼저와서  시간을 딱 맞춰 온게 아니어서 늦게 나왔나요? 아이들 포함해서 인원이 많은데 성인 수만큼 식사가 나오더라고요. 예약을 성인 x 명 애들 x명이라고 하면 그만큼 시키든 애들은 0.5인분으로 계산해서 하지 않나요? 성인 수만큼만 식사가 나오길래 애들 먹일 공기밥 달라고 했는데 안나오더라고요. 나중에 물어보니 애들 공기밥은 추가 주문해야한다고... 제가 공짜로 애들밥 달라고 한 적 없습니다. 당연히 추가주문인데.안내를 해주셨어야죠. 장사 잘 되시는 듯하니 제가 재방문 안해도 큰 문제는 없으시겠죠? 문제점 개선하여 다른 손님들께 좋은 서비스해주시길..,both
한상,재주좋은제주,"돌곶이역 8번출구 나오면 바로 보이는 건물이라 가깝고 찾기편했어요! 엘레베이터를 타고 내리면 연예인 싸인들이 빼곡히 붙어 있어 잔뜩 기대하게 되요~

미리 예약방문하니 프라이빗한 공간에서 가족모임하기 좋았어요! 정갈하게 나온 반찬들과 돌솥밥 구성 깔끔해서 좋았고 전체적으로 간이 쎄지 않아요~ 그 중에서도 낙지볶음이랑 새우장이 가장맛있어요!

다만 가격대비 엄청 맛있다거나 특색있는건 아니었어요.. 갠적으로 떡갈비는 기대이하..ㅠ 게다가 음식은 온도도 참 중요하다고 생각하는데 생선도 그렇고 따뜻하게 바로 나온게 아니라 그 부분이 좀 아쉽네요.",both
한상,열혈남아2926,일단 가게 뷰도 좋고 위치도 좋고 어른들 모시고 가기 좋긴한데 솔직히 음식에 좀더 신경을 써주셔야 할것같네요 가격을 내리시던지요 가격대에 비해서 조금 실망했습니다. ,both
한상,모스우리,먹는데 바빠서 음식사진 못 찍었네요. 싹 비우고 반찬 리필 다시 싹 비웠어요. 돌솥밥 아주 맛있어요 . 간장새우 살이 쫀뜩 탱글했고요 .육회 신선하고 맛있었어요.된장찌개 떡갈비  등등 맛있게 먹었습니다 ,both
한상,Su J,당면으로 잡채했는데 식감은 별로에요,both
한상,코코나리몽,아주 맛있게 잘 먹었어요! 상견례 하기 전 음식먹어봤는데 만족해서 예약햤어요,both
한상,Su J,좋아요!,both
한상,피카츄2867,^^,both
한상,하늘구름하나,음식 가지수는 많으나 맛은 소소..,both
한상,memory2520,굿,both
한상,싱싱이7,굿,both
한상,앙망2,너무 비싸네요,both
한상,ee****,"두번째 방문 입니다. 
첫번째는 시모님이랑 함께 했고,
이번엔 친정 엄마와 이모부 모시고 갔습니다. 
맛은 그런대로 괜찮고 직원분도 대체로 친절 하셨어요. 
제가 고기를 먹지 않아서 인지 가격대비 음식이 알차게 나오진 않은듯 해요. 

",both
한상,mikynine95,"리뷰가 호불호가 갈려서 고민했는데 특별할 건 없지만 음식맛도 무난하고 직원분들도 친절하셨어서 만족합니다 간장새우장도 새우가 크고 신선했고 은근 손 많이 가는 나물찬도 구색 맞게 적당했고 음식들이 대체로 달거나 짜지 않고 자극적인 맛이 아니라서 좋았습니다
모임 하기에 괜찮은 식당이라고 느꼈습니다",both
한상,해피바이러스0903,"친구들과 모임으로 갔어요
넓고 좋으네요
맛있어요",both
한상,log****,좋아요,both
한상,lee****,맛있어요 ,both
한상,솜사탕200,식사 맛있게 잘먹었어요 ,both
한상,눙눙쀼,좋아요,both
한상,rhe****,좋아요,both
한상,이리온S2H,"가족모임일때 항상가요
호불호는있지만
저는 둘째가족돌잔치이후  가족모임은항상 여기만한데가 없다고봅니다!",both
한상,gbuyzon,"여기 맛집이네요
전망도 아주 좋아요^^
즐거운 식사시간이었습니다~~",both
한상,hwanguncle82,굿,both
한상,EJ40,뷰는 좋은데 맛치고는 비싸요,both
한상,ssurdang,음식 맛 좋고 뷰도 좋은데 서비스는 직원이나 알바나 별로 입니다.,both
한상,밤664,쏘쏘에요,both
한상,매력쟤,가성비 좋아요,both
한상,pos****,가족모임 하기엔 좋은데 음식은 크게 기대하면 안될듯,both
한상,Youhi57,굳,both
한상,가능동사람,"1시에 점심메뉴를 먹으러갔지만 
안된다고하여 가자미구이랑 떡갈비를
먹었는데
꼬락서니가 반찬을 리필해줄것같은
분위기도아니고 매우 불친절했다...
떡갈비에는 돈까스소스가  뿌려져 있었다..
다신 안갈것같다..",both
한상,han****,미리 예약해서 방문하는게 좋을 것 같아요.,both
한상,cjs****,딱히먹을게읎다,both
한상,평화사랑77,"친절하고맛있고(점점 맛있어진다고)
우리 벌써  오랜모임식사장소인데 만족
합니다",both
한상,대너리스75,"최악입니다. 4인 기준 92000원 하는 한상차림 고기반찬이 떡갈비와 가자미구이뿐이고 그마저도 덜익혀서 나왔습니다. 붉은 속살이 보여서 이렇게 나오는게 맞냐고 물어봤더니 그렇다네요 어이가 없어서. 제대로 익히질 않았으니 당연히 냄새도 좋지 않습니다. 밑반찬도 손이 가지 않는 값싼 재료들 뿐이고 된장찌개도 팔팔 끓이지도 않고 싱거워서 감칠맛 하나 없습니다. 이렇게 반찬을 내놓고 1인당 23000원, 4인 기준 92000원을 받다니 정말 양심이 없는 것 같아요. 밖에 연예인 싸인만 붙일 생각하지 말고 음식 퀄리티를 높이시길 바랍니다. 한정식은 음식 재료 퀄리티와 맛이 생명인데 여긴 그냥 일반식당 백반보다도 못해요.",both
한상,민민3441,"우와~~~한정식 먹고 싶어서 검색하다
택시까지타고 다녀옴.
차라리 집앞 백반집 갈껄 넷이 갔다가 욕바가지로 먹음 23000짜리가 먹을것이 하나도 없고
심지어 떡갈비는 편의점 떡갈비같아요
된장인지는 다 식어나오고...
8000원주고도 다시는 안먹을듯
조미료를 얼마나 썼음 입에서 불이남 ㅜㅜ
결국 집에와서 탕수육 시켜먹었네요
엘베어서 만난 다른손님 어쩜 고기조가리도 없고
이게 한정식이냐고했음 공감백배~~~
결론은 장소가아까운곳!
주인은 서비스나 음식에 개선이 필요할것같음
사진을올릴  가치도 없어요
진짜 돈은 물론이고...위장이 아까움",both
한상,맛집 탐험부대,맛도좋고 뷰도 조아요,both
한상,gea****,뷰맛집,both
한상,one****,매장이 넓고 천정도 높고 창가자리는 뷰가 좋아서 전체적으로 탁 트인 시원한 느낌이예요. 대신 너무 넓고 뒷테이블이 크게 얘기하는 바람에 정식을 먹으면서도 시장에 와있나 싶었어요;;;; 음식은 크게 이상한 것 없이 고루 무난했지만 그가격의 세트구성이라면 후식이 너무 약하달까… 메실차 한잔😅;;;,both
한상,조금씩 변해가는 나,"불친절함
매장 내 더워서 밥 먹는 내내 땀을 흘리며 먹음. 하지만 사과나 대안 제시도 해주지 않음. 사전에 예약할 때 미리 주문 안 하도 되는지 물어봤는데 현장 주문 해도 된다고 안내를 했었는데 실제 현장에서 주문하면 음식 나올 때까지 최소 15분이 걸림. 음식도 가성비 맛있지 않음",both
한상,슈슈4274,"이 근방에서 부모님 생신, 돌잔치 등 가족모임 하기에 좋은 곳입니다.
음식도 나쁘지 않았고 맛있게 잘 먹었어요.
하지만 여사장님? 응대가 매우 불친절했어요.
처음 들어갔을때 직원분 인사 한마디 없이 예약했냐는 질문부터 하더니 여사장님은 말투가 어찌나 차가우신지 미리 예약 안하고 간 우리가 잘못한 것 같더라고요.
신랑도 기분이 상해서 그냥 나가겠다는걸 이왕 왔으니 음식은 맛있게 먹자고 앉았네요.
응대 서비스 개선이 필요할 것 같습니다.",both
한상,꿈꾸는 대로19,"가족모임,친구모임 하기 좋겠어요
음식도 정갈하고 짜지않아 
너무 좋았어요~",both
한상,악깨비,좋아요 ,both
한상,웃어요693,굿,both
한상,송이버섯56,음식이 정갈하고 맛있어요,both
한상,오리골큰애기,굿,both
한상,sk00362,맛있어요,both
한상,하나네35,친절해요. ,both
한상,이재만56,단체모임하기 좋아요 ,both
한상,퓨마엄마,친한 동생 사주려고 방문했는데 괜찮았어요~,both
한상,bet****,"33000천원치고 가성비 별로인듯요~🤔
가자미는 구워놓은지 오래됐는지 차갑고 떡갈비도 인스턴트맛...밑반찬은 너무 적어요..물론 리필 가능하겠지만 한두젓가락씩 하고나면 서로 눈치보게되는 그런양이에요ㅎㅎ
주말이라 차막혀서 집근처로 갔는데 아쉽네요..",both
한상,안나푸르나4486,다 괜찮았는데 생선이 조금 짰어요,both
한상,ysj****,굿,both
한상,쩡이 0410,한정식집 찾다가 처음 방문 했는데 매장도 넓고 음식도 15분 걸린다고 했는데 생각보다 금방나왔고 직원분들도 친절하세요 맛도있어요 또 방문할께요,both
한상,항상맑음79,좋아요,both
한상,말랑몽캉,"가게도 크고 음식도 깔끔해요. 
후식을 준비 잘해주심 좋겠아요",both
한상,lgj0215,"음...전 다시는 안갈래요..
맛있다는 리뷰 광고인가요?
그냥 연예인들 촬영하고해서 유명해졌나봐요..
음식은.. 떡갈비는 마트에 파는 맛..감칠맛나게 맛있게 먹은게 없네요..
그냥 밥한끼 먹으러 갔는데.. 그냥 먹을만했어라는 말도 좀 아까운...
알바하는 젊은 친구들은 친절했어요~
그런데..계산 해주시는분 사장님인가요~? 나이있으신 여자분..미소도 없으시고 고객 얼굴한번 안쳐다 보시고 계산만 띡띡 음식도 맛없었는데.. 마지막 나가는 길까지..기분이 참..
사장님 미소는 연예인이랑 사진찍을때만 나오는건가봐요..
고객들 맛나게 드셨는지.. 본인이 운영하시는 식당 어떤게 문제인지.. 신경쓰셔야 할듯요
고객들이 식사하러 오는거에 감사하셔야 할듯한데..그냥 돈으로만 보지마세요..
저도 서비스업 운영중이라 글 남기네요",both
한상,티끌모아태산5852,가격에비해 음식이부실해요~,both
한상,qwer6283,ㄱㆍㅅ,both
한상,pes****,"오랜만에 방문하니 사람이 엄청 많네요!!^^
역시 주말저녁~^^ 
부모님 모시고 가기 좋아요
맛있어요",both
한상,기미상궁님,"코로나 시국의 위생개념은 없습니다. 보통 한정식이라하면 코스처럼 조금씩 여러번 갖다주지만, 여긴 한 번에 전부 나오고 덜어먹을 집게도 없고 앞접시도 없이 저렇게만 줍니다. 음식은 여러갠데 개인 앞접시 따로요청해야 주니 계속 요청하기도 미안하고 그냥 대충 먹어야하는데 된장국도 저렇게 냄비 채로 주면서 국자도 없고.. 앞접시도 국그릇도 국자도없이 저렇게만 주는거보니 한 냄비에 숟가락 뒤섞어 떠먹던 그 갬성인가봅니다. 맛은 걍 욕먹지나 않을 정도구요. 13층이라 시야는 좋은데 장위동의 황폐한 모습을 구경할 수 있습니다. 23000원이고 재방문 의사는 딱히..",both
한상,nhs7682,11,both
한상,트리플유,좋아요 ,both
한상,알콩달콩썰이,굿,both
한상,미스터Pooh,전망도 좋고 공간이 분리되어 있어서 좋습니다.,both
한상,안녕빠잉,쏘쏘,both
한상,041****,조용히 대화하기가좋음,both
한상,메주콩13,😀😀,both
한상,cjswldo0423,괜찮아요 양많고,both
한상,슝여사,자주가는데 맛있어요,both
한상,AAVVAA,괜찮아요,both
한상,준아인,가족끼리 먹기좋아요~~,both
한상,syp****,정성이  많이 든  음식 맛도 좋아요,both
한상,백광인,맛나요,both
한상,isa****,조아요,both
한상,sec****,굿,both
한상,psc****,좋아요 ,both
한상,둡둡토끼,한상차림 무난무난해요 기대보단 별로... 설이라 예약해서 갔는데 그 정도까진 아닌 거 같아요ㅠㅠ,both
한상,Kyung1217,^^,both
한상,Jeeun,"음식이 깔끔하게 나오는데 맛있어요
점심메뉴 가성비 좋아요",both
한상,k1****,"오랜만에 갔는데 반찬도 맛있고
잘먹고 왔어요
밑반찬 판매하셨으면
몇가지 사오고 싶었어요~",both
한상,슝여사,맛있어요,both
한상,tjd****,맛있어요,both
한상,nhs7682,qq,both
한상,슝여사,굿,both
한상,카일러의 리뷰,😀,both
한상,dik****,ㅈㅇ,both
한상,kor****,굿,both
한상,저도요,방이 있어서 모임하기 좋아요,both
한상,hon****,좋아요,both
한상,Da1,분위기도 좋고 음식들이 하나같이 정갈하고 맛있네요.,both
한상,my1****,맛있어요,both
한상,슝여사,좋아요,both
한상,꽃그린63,굿,both
한상,숲속요정62,골고루 여러가지 먹어볼 수 있어서 좋았어요,both
한상,오난다,맛있고 만족합니다!,both
한상,jjj****,친절,both
한상,박은경4946,좋아요 ,both
한상,love618,괜차나요,both
한상,tls****,좋아묘,both
한상,vit****,맛있어요,both
한상,kwp****,ㅈㅇ,both
한상,thd****,ㅈㅇ,both
한상,kjy3180,ㅈㅇ,both
한상,듀퐁15,좋아요,both
한상,ykk****,굿,both
한상,코로나시러,좋아요,both
한상,맛따라풍경은덤,음식이 맛있었어요,both
한상,찬란한282,음식 정갈하고 구성도 좋음. 인상적인게 이런데서 (특)주문시 나온 소불고기는 기대를 안하는데 의외로 맛있었음. 직접 조리해야 한다는게 아쉬움이지만 소고기 특성상 그게 최상이긴 하지만^^ 가격대비 어중간한 강남권 식당들보다 퀄리티 있고 좋음. 참고로 가격대비 여기보다 맛없고 퀄리티 떨어지는 곳 수두룩함.,both
한상,jun****,굿,both
한상,hyh****,굿,both
한상,rnj****,음식이 맛있어요 직원분들도 친절해요 근데 매장이 넓어서 그런가 가운데 자리 외에는 좀 더워요,both
한상,hyh****,정갈해요,both
한상,dnjsghk12,"최악이네요. 맛도없고 천사채에 마요네즈잔뜩버무려놓고 가짓수도 많은듯하나 정작 손갈곳이없네요. 여자분은 응대가 매우 불친절 말투 틱틱 사장님이신듯, 손님들식사하는데 조용한데 직원혼내고계심 불편 돈아까움",both
한상,듀퐁15,친절하고 좋아요,both
한상,agi****,"저번에 맛있게 먹은 기억이 있어서 가족들과 갔는데 너무 실망이네요.. 특히 남자직원 마스크도 안쓰고 마스크 써달라고 말씀드렸더니 보는 앞에서 툴툴거리고 기분좋게 밥 먹으러 갔는데 기분이 너무 안 좋네요. 어지럽다고 마스크를 안썼다는게 말이 참...ㅎㅎ 사장님(여자점장님?) 죄송하다고 음료 주셨는데 마지막 까지 기분이 너무 안 좋았어요. 
여자 직원은  자리도 더 시원한 곳으로 안내해주고 친절하고 좋았어요~",both
한상,서도령22,별루2,both
한상,비화하는불새,"25만원짜리 돌상이 기대 이하였어요
바가지인거 알면서도 그냥 한거였는데 하고나니 기분이 안좋아지는...
음식 맛도 별로였구요",both
한상,Oll36,"맛은 그냥 먹을만한 정도 근데 남자 직원은 친절한데 여자 사장인가 점장인가는 예약 전화 할 때 부터 전화 상태가 안 좋아서 다시 물어본걸로 짜증을 내더니 가게 안에서도 얼굴 잔뜩 찌푸리고 다니고 사장님인지 점장인지 모범이 되셔야 할 분이 그러고 다니시니 음식도 맛있게 안 넘어가네요 손님도 별로 없던데 두 번은 안 갑니다 그리고 룸이라고 속지마세요 룸도 룸 같지도 않고 그냥 대충 막혀잇는 곳입니다.
남자직원분이 너무 친절하셔서 별 2개 드립니다 맘같아선 0.5점입니다",both
한상,jhy****,굿,both
한상,qkq****,가격 대비 너무뻔한맛,both
한상,jun****,좋아요,both
한상,주니밍,친절하고맛있어요!!,both
한상,모름97,어머니랑 장모님을 같이 식사 하기위해 와이프랑 한참 고민한끝에 찬도많이 나오고 리뷰도 좋길래 갔다왔는데 음식도 맛있고 직원분들도 친절했어요 다만 아쉬운점이 룸이 완전하게 막아진 룸이 아닌거에 대해서는 아쉬웠어요,both
한상,녹차고양구,다른건 다 좋은데 가격만큼 음식이 고급은 아니네요 흔한 메뉴입니다,both
한상,소심쟁이3,매장도 크고 깔끔하고 음식도 전체적으로 맛있어요,both
한상,방긋방긋9525,뷰가 좋네요,both
한상,간달프79,좋아요,both
한상,ejs****,넓고 맛있어요,both
한상,Luviiiseo,정갈하고 다 맛있어요 계산하는 남자분 불친절하고요,both
한상,상상둥이맘,음식 깔끔하고 뷰 좋아요  나물도 정갈하고 전도 바삭바삭. 거리두기도 잘 지켜져서 큰 테이블당 4명이상 못앉고 자리도 넓찍하니 좋았어요. 근데 저희가 반찬을 많이 먹나.. 반찬양이 조금 적어 리필 자꾸 해달라기가 민망해요 셀프바 하나 있으면 좋겠네요~,both
한상,우쭈쭈장풍,"단체급식 종사자로 음식하시는 분의 노고를 알기에 늘 감사하며 먹고 있는 사람입니다만, 이건 정말 아닙니다!손님이 들어오든지 나가든지 상관도 없고 22000원 짜리 특정식에 4000원 단체급식에 나오는 마늘쫑장아찌, 연근조림, 더덕무침, 손바닥만한 조기에 소불고기전골이라더니 김치찌개냄비에 대충 야채넣고 끓여먹으라고 나오고, 메뉴구성은 그렇다하더라도 성의라곤 하나 느껴지지않는 음식들!어이가 없어서 샐러드로 배 채우고 누룽지먹고 나왔습니다.",both
한상,밍4213,메뉴가 나오기까지 시간이 좀 걸리는 편이지만 아이가 맛있어해요,both
한상,꿈꾸는카라,굿,both
한상,AsePsiS,13층에서 좋은 뷰를 바라보며 먹는 한정식의 맛은 형언할 수가 없네요. 직원분들도 친절하시고 쾌적하게 잘 막고 왔습니다.,both
한상,묻고따따블,"찬들이 맛있고 넓찍해서 좋아요~
직원분도 친절!",both
한상,내 보물이에요,그냥,both
한상,광모68,ㆍ,both
한상,hte****,맛있어요,both
한상,수9817,"지난주에 엄마 생신때 갔다가
한식이 생각나서 또 갔어요~
착한 가격, 반찬 리필도 되고, 음식맛도 좋아요.ㅎㅎ
아래 보니 불친절하다는 리뷰가 있는데,
여자 사장님 같은 분이 약간 짜증이 나있다고 할까..
지난주에도 이번주에도 표정이나 말투가 안좋으세요.
다른 일하는 분들한테도 계속 짜증을 내셔서..
그래도 다른 직원분들은 다 친절하시고
한식이 푸짐해서 또 가려구요.",both
한상,ces7038,굿입니다,both
한상,lov****,서비스도 주시고 친절해요,both
한상,떵강아지,긋,both
한상,sea****,런닝맨촬영장소래요^^ 맛있어요,both
한상,장양22,돌곶이역에서 바로라 위치가 좋고 13층이라 뷰가 좋아요. 점심 비빔밥 먹었는데 돌솥밥으로 나와 누룽지까지 먹을 수 있고 된장찌개도 뚝배기에 나오는데 맛있게 먹었어요. 그 외 반찬도 깔끔하고 맛있어요.,both
한상,simnerasim,"백반가격에 한상차림으로~
가격대비 만족도 굿입니다~",both
한상,고굼마마마,굳,both
한상,injksy,"주차장이 불편했지만
출입도 잘 체크하시고
맛도 괜찮았어요~",both
한상,jhy****,깔끔,both
한상,ohjiheepark,굳굳,both
한상,sea****,종류가 엄청많아요,both
한상,듀이3798,"별 1개도 아깝습니다.
불친절 끝판왕이예요.
첫 방문도 아니고, 가족모임이 있을때 종종 방문했었는데 이제는 다시 안가려고요.

사장 같아보이는 여직원분.. 
기분 나쁜 표정에 주문이 다 끝나지도 않았는데 고개를 돌려 가버리고, 반찬 던지기는 일쑤네요.

어른들 모시고 가족 모임 하러 갔다가 초대한 제 입장에 너무 민망하고, 가족 모두 마음 너무 상했다며 다시는 가지말자 입을 모았습니다.

음식도 예전만 못한데다 직원 서비스까지 저러니 다시는 갈 생각이 안 드네요.
내 돈 내고 모멸감 얹은 눈칫밥만 잔뜩 먹고 왔네요.",both
한상,최고 영어 선생님,굿,both
한상,marykang,도시락 배달 시켰어요. 조금 느끼함이 있었지만 맛있어요,both
한상,오드뤼50,좋음,both
한상,not****,좋아요,both
한상,W ise,보통,both
한상,yak****,양도 많고 맛도 좋고 친절하고 좋아요,both
한상,reachpowerup,"어버이날 기념으로 부모님과 다녀왔습니다.
고층에 있어서 뷰도 좋았고 음식도 맛있어서 부모님도 만족하셨습니다!
",both
한상,아홉공,좋아요,both
한상,JUJU67,ㅎㅎㅎㅎㅎㅎㅎㅎㅎㅎㅎㅎㅎㅎㅎ,both
한상,kindyaho,"직원분즐 친절하시고 이 근방에 이런 밥집 없다고 자부할 정도로 맛있고 가성비 최고에요. 솥밥도 맛있고, 반찬도 다 맛있어요. 누릉지도 짱짱 ",both
한상,두부랍니다,ㅎ,both
한상,미식냐옹이,13층에 위치하고 있어 시야가 트인 느낌이 아주 좋았습니다. 개별룸이라기보다는 폴딩도어로 룸이 나뉘어있고요. 음식은 반찬이 많은데 고루고루 맛있는 편입니다. 아주 특별한 맛은 아니지만 주위 한정식집이 많지 않아 이정도 퀄리티면 만족합니다. 돌솥밥이 좋네요.,both
한상,how****,"서울에서 갈만한 한정식 맛집이라고 해서 택시비 만원 내고 찾아갔는데, 17,000원짜리 정식이 약간 실망스러웠습니다.  같이 가신 분들이 제공되는 음식대비 메뉴를 너무 비싸게 해놓았다고 하십니다. 식당이 고층에 있어서 시야는 안가리고 좋은데, 가격 대비 음식이 아주 훌륭하지 않아서 또 멀리서 찾아가지는 않을 것 같습니다. 가격을 만원대로 낮추시고 반찬수를 반으로 줄여서 맛나게 하시면 더 손님이 많이 오지 않을까 합니다. (식당 규모가 큰데 비해서 손님이 적어 좀 안타까웠습니다.)",both
한상,서경숙,굿,both
한상,오우예43,좋아요,both
한상,parodylife,굿,both
한상,jup****,좋아요,both
한상,inae0843,좋아요,both
한상,가우리39,전반적으로 괜찮네요,both
한상,justinyo,반찬 좋았어요,both
한상,RockTB,ㅋ,both
한상,Song s,깔끔하게 잘나옵니다 25개 반찬은 아니더라구요 20개만 나왔어요,both
한상,lei02,대접 받는 기분이네요~^^,both
한상,stk****,어른들이 좋아하셨어요~  양도 많아서 배가 부르게먹고도 남았네요ㅠㅜ,both
무명칼국수,종주여행,"깊은 육수맛에 옛날생각이 절로 납어요~~ 가까우면 매일갈텐데 ㅜㅜ 넘아쉽네요

가격도 착하고 정말 좋았습니다!! 반두 나오면 꼭
한 번 떼어놓으세요 식으면 판이랑 한 몸돼서 만두피가 찢어져요ㅋㅋㅋㅋㅋ",both
무명칼국수,you****,"석계역 맛집좀하나 
항상해물로먹고 김치너무맛잇어요 
사장님도너무친절하세요",both
무명칼국수,minh777,면이 쫄깃해요 ㅎㅎ 넘 맛있는 곳.. 만두도 속이 알차요,both
무명칼국수,미우15,"면을 직접 반죽해서 칼로 썰은 수타 칼국수. 쫀득쫀독 한 면발에 꾸덕한 국물
맛있다. 하지만 난 얇은면을 좋아해 내취향은 아님.
임병주칼국수랑 비슷한듯..

같이간 남자사람은 인생 칼국수집이라함",both
무명칼국수,난나니뇨1004,"해물칼국수보다 닭칼국수가 맛있는것같아요! 닭인데도 국물이 시원하더라구오~ 주말 오후 밖에서 기다렸는데 10분정도 기다리니까 금방 들어갔습니다~

만두는 건강한맛이에요..! 사이드로 먹기 무난~",both
무명칼국수,승렁,"평일 오후에가니 사람도 적당히 있고, 웨이팅 없이 먹어서 좋아요!
저렴하고 음식도 맛있습니다.",both
무명칼국수,럭키까미,sns에서 조카가 보고 가자고 해서 비를 맞고… 시원한 해물과 구수한 닭칼국수에 맛이 최고에요~ 만두 또한 꿀맛!!! ^^,both
무명칼국수,혜공ceo,"바지라깔국수,만두 좋아요~",both
무명칼국수,황후015732,"칼국수집이 17년이나 되었다네요
아는 지인이 일본 있는데
석계역 무명칼국수를 알더라구요
맛있다고~~
",both
무명칼국수,쵸임의 일상,"가족들끼리 방문하기 딱 좋은
슴슴한 맛의 칼국수 집이에요
3명이서 칼국수 2인에 만두 하나 시키면 딱좋아요😘",both
무명칼국수,승렁,언제 먹어도 맛있는 무명칼국수 왕만두도 먹었는데 사진을 못담아 아쉽네요!,both
무명칼국수,경철11,"대기없이 바로입장 했는데 자리가 좀불편했어요ㅜ
맛은 있어요 바지락도 많고 좋았어요
만두도 야채가 신선해서 또 먹고싶어요ㅎ
단무지는 안먹었어요ㅜ
옆테이블에는 모임에서 나왔나본데 남자분이
계속 눈치를 주어서 자리확보 할려구 빨리먹어라 눈빛으로 계속 쳐다보더라구요ㅜ 부담스렀었어요!!
좀 먹기 불편했네요🤣 정신도 없고요😂
맛집모임 제가 모임장인데 맛은 있는데
🥲",both
무명칼국수,Fun and happy,"주말 느즈막히 일어나 오늘점심은 칼국수로
정했어요
남편은 까까머리에서 머리하고 
바로 칼국수로 해물칼국수 2인분 양이 엄청나네요
개운한 국물맛이 남편 어제 마신술 해장이 된다고 끝내준다고 저두 깔끔한국물맛이 좋다고 얘기했어요

50대부부 주말일상 ",both
무명칼국수,Vivaan,"칼국수로 이집이 제일 괜찮은거 같네요
바지락 칼국수 먹을려면 서해나 바닷가 가야하지만
도심에서 먹는 해물(바지락)칼국수는 이곳입니다.
기본반찬인 겉절이가 맛있어서 3번이나 리필했네요
셀프라서 눈치 안보고 먹을 수 있어서 좋아요
가격이 착해서 부담없이 먹을 수 있을듯 해요
식사시간엔 웨이팅 있어요
재료소진으로 일찍 마감할때가 많아요
밥을 안파는게 아쉽지만 양도 많고 맛있어요
이런 집 좋아요
추천해요",both
무명칼국수,푸우마28,면발이 쫄깃해요. 국물도 시원해요,both
무명칼국수,혜공ceo,"닭칼국수, 해물칼국수 가성비좋고
음식에 정성이 담긴 듯 국물이
시원하고 맛있네요~",both
무명칼국수,도비를꿈꾸는자유,가성비 최고!!👍 동네맛집이에요 양도 진짜 많고 맛있어요 사장님 엄청 친절하세요😊😊,both
무명칼국수,황후015732,칼국수 먹으러 자주 갑니다.,both
무명칼국수,jmi****,진짜 너무 맛있는대 점심시간에 가면 사람이너무많어요,both
무명칼국수,엥나아,"이집은 언제 들러도 맛있는 
김치가 시그니처인 곳이다
쫄깃한 칼국수와 고기만두
모두다 김치로 인해 더욱 맛을 빛낸다
☆4",both
무명칼국수,우리가족17,항상 맛있는 집인데 이번에는 덜 익었네요.,both
무명칼국수,황후015732,"맛있게 먹어서요 
어제도가고 오늘도가고 ㅋㅋㅋ",both
무명칼국수,황후015732,칼국수 맛있서요.,both
무명칼국수,혜공ceo,해물.닭.왕만두 맛나요~,both
무명칼국수,디주디,만두가  맛있어요,both
무명칼국수,혜공ceo,무명칼국수 바지락맛나네요~,both
무명칼국수,둥둥둥3014,좋아요. 양 많고 맛있어요. 친절해요.,both
무명칼국수,닝넹농,칼국수 맛집이에요,both
무명칼국수,황후015732,해물칼국수 맛있서요.,both
무명칼국수,황후015732,손으로 빚어서 좋아요.,both
무명칼국수,2ye****,너무 맛있는곳입니다,both
무명칼국수,숭구리당당뽀롱,"월계동 맛집이죠.
칼국수도 겉절이 김치도 맛나요.",both
무명칼국수,도비를꿈꾸는자유,"사장님 무지 무지 친절하십니다 😄😄
둘이 가서 해물칼국수 두개, 왕만두 1개 시켰는데 양이 진짜 많더라구요~ 해물칼국수는 깔끔하고 시원한 칼국수였어요^^ 직접 만드신 왕만두도 진짜 맛있어요👍 가성비 좋아요😍
주차는 가게 앞에 두대정도 가능해요!",both
무명칼국수,zzinzzang,칼국수 진짜 존맛탱이에요!,both
무명칼국수,vir****,"무명칼국수
적극추천
직접 수제로  칼국수 뽑아서
쫀득쫀득 맛있어요
지금은 대기줄이 생겼네요
석계오시면 꼭 드셔보세요
주차는
석계공영주차장 이용하세요",both
무명칼국수,레오엄마00,"진짜 인생 칼국수집
쿨타입 차기전에 정기적으로 먹어줘야해요!!
국물 완전 시원하고
면발도 쫄깃 탱글해서
너모너모너모 맛있어여 🥹♥️♥️",both
무명칼국수,빠빠빠빠앙,"방문 전 리뷰확인 하시는 분들 꼭 끝까지 읽어주세요
작년 처음 방문했는데 손님이 정말 많았습니다. 평일 식사 시간에도 적당히 사람 있으며, 주말에는 오픈 시간 10분 후 입장하고 얼마 안지나서 테이블 거의 찹니다.
 해물, 닭 칼국수 모두 맛있지만 바지락 듬뿍 들어간 해물이 개인적으로 더 취향에 맞았으며, 양도 많은데 가격도 저렴한 편이어서 정말 좋습니다. 이전에 만두도 먹어봤는데 피가 얇고 내용물 꽉찬 만두로 지인은 정말 맛있다고 했습니다. 저는 고기만두를 좋아하지 않지만 먹어본 것들 중에는 확실히 상위귄 맛이었습니다. 김치도 맛있어서 셀프로 더 가져다 먹을 정도입니다. 석계역 인근에 일이 있어서 간다면 꼭 드시고 지하철이나 버스로 멀지 않으면 방문해서 먹어볼 가치가 충분한 곳입니다. 직원분들 친절까지!!",both
무명칼국수,사악천사77,"요즘은 줄 안서고 먹나보다~
면이 쫄깃해서 좋다~",both
무명칼국수,쑤9850,맛있어요,both
무명칼국수,힝힝이힝힝,"칼국수 맛있고, 김치도 진짜 맛있네요 :)
만두는 호불호가 갈리긴 할 것 같긴 하네요 ㅎㅎ",both
무명칼국수,현블리s2,국물맛 깔끔하고 괜찮았어요! 근데 해물칼국수보다는 바지락 칼국수에요 ㅋㅋ 건새우 몇개랑 미더덕 3개 북어쪼가리 2개정도 들어가있었기때문에... 만두는 피가 진짜 얇고 건강한맛의 만두였어요!!! 김치는 말할것도 없이 리필이 필뇨 하답니다 ㅎㅎ 근데 개인적으로 저는 두꺼운 면을 안좋아하기때문에 조금 아쉬웠어요 두툼하고 직접 써시는거라 뭉쳐있는것도있고.. 두꺼운면 좋아하시는분들은 잘드실것같아요!! ,both
무명칼국수,이영자58,좋아요,both
무명칼국수,sun****,맛 양 가성비모두좋아아 자주 먹으러갑니다,both
무명칼국수,콘고학자,요기 칼국수가 유명해서 가고싶었던곳. 드디어 가봄ㅋㅋ 만두랑 칼국수랑 다 맛있다. 슴슴하지만 계속 생각남ㅎㅎ,both
무명칼국수,jj****,"만두 먹고 싶어서 간 집이고 급 찾아서 가까운곳으로 갔는데 알고보니 인기맛집이였네요 !!😆 칼국수도 맛있고 무엇보다 만두가 담백하니 넘 맛있었어요 
주말이라 사람도 많았는데 친절하시구 기분좋게 부모님뫃시고 외식했어요 👍",both
무명칼국수,clara0306,친절하시고 음식이 맛나요,both
무명칼국수,bej****,굿,both
무명칼국수,ㅁ쩝쩝박사ㅁ,닭칼국수가 국물이 진해서 너무 좋았어요 정말 맛있음ㅠㅠ 시원하고 얼큰하게 먹고 싶을때는 해물칼국수 추천이요!,both
무명칼국수,Yzzzz,넘맛있어요! 김치도 최공,both
무명칼국수,Kevin Park84,좋아요,both
라체나1907,쇼바냥,"석계역맛집 애완견 동반 가능한 성북구 맛집 
런치세트 주문해서 데이트 즐겼어요!
여기는 빠네 파스타 맛이 정말 예술 ><
꾸덕한 로제 소스 너무 완벽해구요 ❤️👍
런치세트로 주문한 스테이크도 정말 부드럽고 맛있었어요",both
라체나1907,푸무드,"찐 맛집 발견👍 석계역 근처에 이런 분위기 좋은 레스토랑이 있었다니! 시그니처메뉴 청양빠네파스타랑 머쉬룸스테이크 카프레제까지 주문했는데
부드러운 크림소스와 청양고추의 매콤한 조합이 환상적인 청양빠네파스타 왜 시그니처 메뉴인지 알겠더라구요 적당히 매콤하고 적당히 부드러운 맛 완전 취향저격 도톰한 빵까지 파스타만 먹어도 벌써 배부름
각종 야채와 버섯이 함께 나오는 머쉬룸스테이크 치즈들어간 크림소스도 같이 나와서 다양하게 조합해 먹을 수 있고 고기 굽기도 적당 입에서 살살 녹는 스테이크 너무 맛있게 먹었습니다
카프레제도 신선해서 크림파스타랑 스테이크랑 같이 먹으니 아주 꿀조합이었다는 가시는 분들 요렇게 꼭 먹어보세요 자몽이랑 오렌지에이드까지 성공적,,👌",both
라체나1907,bae****,"카프레제 비주얼이 마치 한송이 꽃 같더라구요! 사진을 안찍을 수 가 없습니다✨️
상큼한 토마토, 고소한 모짜치즈, 풍미 가득한 바질까지 동시에 맛이 느껴지는데 아주 맛도리입니당!
청양크림빠네 파스타!! 진짜 너무 맛있어요! 완전 강추! 진짜 한국인이라면 무조건 좋아하는 매콤하면서도 고소한 파스타!! 크림파스타는 먹다보면 물리기 마련인데, 이건 매콤한 맛이라 진짜 마지막까지 질리지 않고 먹을 수 있습니당❤️❤️
꾸덕한 파스타 소스도 많이 주셔서 빠네 빵을 푹 담궈서 진짜 미칠 맛입니당 ㅎㅎ 해장으로도 좋습니당+_+ 
머쉬룸 스테이크는 미디움레어로 구워주셔서 쵹쵹하면서도 부드러운 식감이 맛있더라구요! 
고기의 간도 알잘딱하게 되어있어서 고기만 먹어도 맛있고, 같이 나온 크림소스와 야채랑 같이 먹어도 존맛!",both
라체나1907,블루랑냥,빠네 진짜 맛있어요 !!!! 레알 개존맛탱입니다!!!! 혼자 와서 빠네 하나만 주문한게 넘 아쉬웠지만 담엔 남편이랑 같이 와서 더 많이 먹어보려고요~^^ 사장님도 친절하시구 내부 분위기도 모던하고 앤틱감성이 있어서 좋았습니다 ~ 담에 또 올게요 ^^,both
라체나1907,투율,"파스타먹고싶으면 무조건 석계 라체나  갑니다. 회사 점심시간 보다 좀일찍나오거나 예약해야지 점심때 먹을수 있어요. 내최애는 청랑크림파스타 jmt 😍 , 사진엔 없지만, 치킨버섯리조또 처음 먹어봤는데 닭고기 왜케 부드럽고 맛있어요? 와~ 상사분이 나이 많으신데 리조또 너무 맛있다고 싹싹 다 드셨네요^^ 맛있게 잘먹었습니다.^^
",both
라체나1907,희지26,"부모님 모시고 방문했어요! 
석계에 이렇게 분위기 좋은 곳이 있는지 몰랐는데 너무 만족했어요
일단 인테리어가 너무 예쁘고 조용한 분위기라 가족모임으로 넘 좋더라구요
가족모임 이외에도 소개팅 장소로도 너무 좋을것같아요
런치세트 구성도 좋고 전체적으로 다 맛있어서 재방문하려구요",both
라체나1907,sjshappy00,"찐맛집입니다
청양빠네파스타 매콤하니 느끼하지도 않고 빵과함께먹으니 든든하기 까지 합니다. 비쥬얼은 말해뭐해!! 그리고 스테이크 이가격에 이퀄리티?요즘 찾아보기 힘든 가격이에요. 우리동네 찐맛집으로 인정!!",both
라체나1907,레오엄마00,"완전 데이트맛집 😸
분위기도 너무 좋고 무엇보다 파스타가 진짜 맛도리예요 ♥️ 청양크림 무조건 시키시고
가지파스타도 넘 맛나네요 💗👍👍
연인이나 가족 친구분들이랑 고기도 썰썰하시고
분위기좋은 곳에서 오순도순 데이트하셔요 💗 ",both
라체나1907,od****,"석계역 맛집으로 유명한 라체나 1907이예요 분위기도 좋고 음식맛도 좋아 저녁에 데이트 장소로고 유명하지만 런치메뉴 가성비도 좋아서 브런치 모임하기도 좋아요 ~
런치메뉴는 파스타맛도 고를수 있어 더 좋았네요",both
라체나1907,행복한세상6576,"모임으로 홀예약하고 갔어요
저희는 사장님께서 4명인데 테라스로 자리주셔서 감사하게
자리잡고 맛있는음식 먹으면서 수다떨었네요
매콤한스파게티 스테이크 맥주까지 다 맛있어서
모든메뉴 먹어보고싶은 곳이에요
추천도하고싶구요~
",both
라체나1907,손손해적단,기념일에 맞춰 와인한잔 하고 싶었어서 방문했습니다~ 2인 세트에 와인한병 추가해서 먹었는데 음식도 너무 알차고 사이드랑 피클까지 너무너무 맛있게 잘 먹었습니다! 와인도 음식과 잘 어울렸고 인테리어도 아기자기하니 분위기가 좋았어요! 특별한 날 방문하기 좋은거 같아요 ㅎㅎ 특히 빠네 파스타도 맛있었는데 찍어먹는 빵도 너무 맛있어요 ㅎㅎ,both
라체나1907,팥만통통,지난번 맛있게 먹었던 기억에 다시 한번 찾아갔어요.  기대한 만큼 맛있었어요. 할인 행사도 있어서 스테이크도 먹었는데 소스와 고기가 잘 어울려서 너무 맛있게 먹었어요.  ,both
라체나1907,silver9811,"분위기 깡패인 석계역맛집

맛 부터 인테리어까지 다 너무 만족하면서 먹고왔어요!!

빠네파스타 비쥬얼부터 그냥 미친곳..
석계역 주변에 이런 곳이있다는게 너무 행복해요ㅜㅜ",both
라체나1907,vanilla dream,"섬세한 배려 하나하나가 묻어난 공간과 서비스, 가성비 챙긴 너무 괜찮은 가격 선의 요리들, 무엇보다 음식 하나하나 너무 맛있었다보니, 왜 다들 모임 장소로, 가족 식사로, 데이트 장소로 택해서 많이들 오시는지 딱 알겠던 곳이네요. 마음마저 편안하게 한 끼 제대로 따뜻하고 정성스런 파스타와 스테이크를 즐긴 날!

조만간 부모님 모시고 재방문하려구요:)",both
라체나1907,먹자구먹자구,"생일파티로 예약했는데
독립된 자리로 주셔서 우리만 생일파티를
잘 즐길 수 있었어요!
음식도 맛있고 양도 많고
너무 친절하시고
덕분에 행복한 생일파티 잘 보냈습니다^^*",both
라체나1907,앨리송50,엄마 생신날 방문해서 4인세트 + 음료 모스카토로 변경했어요. 모스카토 달달하니 넘 맛있구 음식 맛있고 양 푸짐해서 부모님도 대만족! 잘 먹었습니다🙂,both
라체나1907,화희4,"음식도 맛있고 분위기도 넘 좋았어요.
빠네파스타랑 스테이크 전부 다 넘 맛나요💕",both
라체나1907,숲숩이,"파스타가 너무 먹고 싶은데 색다른 곳에 가서 먹어보고 싶어서 친구들과 방문하게 됐어요! 가게도 너무 이쁘고 파스타 종류가 다양하더라구요!
음식 봤을 때 담긴 것도 이뻤지만 양도 많고 그냥 안먹어봐도 맛있을 것 같아서 기대가 됐는데 느끼하지도 않고 매콤하니 간만에 맛있는 파스타를 친구들과 함께 이쁜 가게에서 먹었네요!! 잘 먹었습니다 :)",both
라체나1907,맛집터는MZ아빠,"청양빠네파스타 매콤하면서 중독성강하고
빵도 같이 찍어먹을수있어서
너무맛있어요🩷
스테이크도 너무저렴한데 맛은 고급👍🏻",both
라체나1907,호두의맛집,"세트로 남녀 둘이 딱 배부르게 맛있게 먹었습니다! 샐러드 발사믹 소스에 약간 바질을 갈아서 상큼짭짤하게 양념? 한 소스도 같이 올려주시는 것 같은데 넘 맛있어요! 느끼할려고 할때쯤 먹어주면 굿! 파스타는 미트가지 파스타인데 여기서만 먹을 수 있는 맛 같아요! 가지는 식감때문에 원래 안좋아하는 편인데도 맛있게 먹었어요~ 스테이크 굽기도 딱 적당하고, 부드러워요! 구운 야채랑 소스들이랑 궁합이 좋습니다~ 분위기도 좋아서 나중에 또 가고싶어요~~ ",both
라체나1907,wja****,"가족중에 생일이 있어서 예약 후 방문하였습니다 
석계에 이런곳이 있었다니 반갑네요
음식 맛있고 매장 분위기도 아늑하고 좋았어요 
잘먹고 갑니다~",both
라체나1907,Vivaan,"특별한 날 방문하기 좋아요
여자분들이 좋아하실곳이에요
음식이 맛있어요
분의기도 괜찮고 시설도 깔끔해요
이런곳 추천해요",both
라체나1907,minbread,"석계역 맛집 라체나 1907은 제 개인적인 단골 맛집으로 자신있게 추천드릴 수 있는 집이에요. 최근에 가게 내부를 확장하셔서 단체손님분들이 방문하시기에도 너무 좋을 것 같고 저는 여기서 정말 파스타와 리조또 몇종류 빼고 요리메뉴는 다 먹어봤다고해도 과언이 아닌데 정말 단 한메뉴도 실망한적이 없었어요. 이런 제가 강추드리는 메뉴는 식전에 양송이 스프와 카프레제 샐러드, 메인메뉴로는 청양 크림 파스타와 스테이크 두종류 모두 강추드릴게요.",both
라체나1907,김말랑몰랑,"분위기 넘 좋고 맛은 또 말모말모! 석계역 맛집입니다! 파스타 스테이크 샐러드 골고루 맛보았는데 만족스러웠어요~ 💕가족들 방문해도, 연인들 데이트 다 좋을 것 같아요. 저녁 시간에 분위기가 더 좋을 듯 한데 아이 데리고는 힘들듯 해서 아쉽네요🥹 런치메뉴 가성비 좋아서 석계역 점심 레스토랑으로 좋아요👍",both
라체나1907,팬지90,"잘 찾아보면 멀리 가지 않아도 이런 보석같은 집이 있군요. 라체나1907, 4키로도 안 떨어진 위치에서 모친과 한해의 마지막 디너를 근사하고 맛나게 했습니다. 청양크림파스타는 꼭 드시길, 빠네로 선택하면 더 뜨끈함이 오래 지속돼요. 레드와인 스테이크도 채소가 푸짐한 레드와인 소스가 듬뿍올려져 있고, 발사믹소스가 뿌려진 루꼴라와 토마토 샐러드는 가정식 느낌 충만. 허세찬 플레이팅이 아니라 맛과 신선함으로 충실한 라체나1907입니다^^",both
라체나1907,엥나아,"4인 방문하여 세트메뉴로 의기투합
명란오일파스타,청량크림파스타 이전에 짭쪼롬했던 맛이
오늘은 사라져 맛났다는 동반자 평이다
시저셀러드와 마늘바게트는 손이 자꾸갔는데 우리양을
맞추기에 다소 부족한듯 ㅋ 서로 살짝 눈치보는 시간이...
머쉬룸 🥩 가 웰던으로 3조각이 나왔다
구운정도 맛도 양도 적절했다
스테이크를 스프에 찍어 먹었는데 맛이 중화되어 사라졌네
쉬림프비스크리조또 동반자가 접시를 자기쪽으로 배치하여
몇숫가락 먹다 입맛만 ㅠㅠ 맛나더이다
조용한 분위기에 편안하게 대화 할 수 있어 좋았네요
달콤 시원에이드로 입가심


",both
라체나1907,모찬1770,"엄마가 동네맛집이라고 가보고 싶다고 하셔서

시간내어 가봤습니다

맛있고 아기자기한 분위기

엄마가 너무 좋아하시네요

다음에 또 올게요",both
라체나1907,엘1878,"시간이 없어 가는 길에 네이버로 우선 예약하고
메뉴는 방문해서 고르려고 했는데. 
고심없이 메뉴판에 있는 3인세트로 선택

3인 세트에 
와인도 들어 있어 좋았어요
오렌지 쥬스로  갈아 주신 듯 신선하고 맛있어요
메뉴 전체가 너무 좋았어요
오이피클까지 맛있어요

3인세트 가격으로 너무 맛있고 푸짐하게
스테이크는 주문시 선택. 우리는 중간굽기
음료도 3개 선택. 와인 2잔. 오렌지 1잔

네이버로 날짜와 시간을 예약하니  너무 편했어요
다음에 석계역 가면 꼭 방문하고 싶어요
석계역 1번출구Aㅡ6분 소요
3명 가시면  3인세트 선택 추천해요

",both
라체나1907,MA9147,너무 너무 맛있게 잘 먹었어요 석계역 모임 장소로 추천합니당 ,both
라체나1907,lululalaaa,"여기 음식 비쥬얼 너무 좋네요♡
빠네파스타랑 스테이크 다 맛있었어요~
분위기도 아늑하고 예쁘네용♡",both
라체나1907,먹자구먹자구,"정말 너무 맛있어요!
크림파스타 안좋아하는데
청양고추가 들어가서 느끼하지가 않아요
정말 최고의 맛이었어요^^
특히 마늘빵도 크림소스에 찍어먹으면
환상입니다!
셋트 구성도 잘 되어있고
덕분에 즐거운 점심즐겼습니다^^!
",both
라체나1907,해빛누리,"먹고 마시고 수다떠느라 사진을 못찍었네요
메뉴 모두 호불호 없이 좋아해주셨어요
분위기도 좋고 음악도 넘 시끄럽지 않아서
대화하기 좋았네요~",both
라체나1907,ArielSwiftie,청양크림파스타와 마늘빵 조합은 사랑입니다~ 가지를 안좋아하는데 여기서는 처음으로 먹어봤어요! 미트도 큼직하게 들어가서 거부감 하나도 없이 진짜 맛있게 먹었습니다^^,both
라체나1907,olive green,"음식도 맛있었고  주방옆 독립된 공간은 담소나누기 좋은 분위기였습니다.
두번 모두 친구들과 방문했지만 다음엔 남편과 같이 가려고요.
 첫번째때도 두번째도 모두 4인셋트 구성+1인 추가했는데 가격대비 가성비 좋은 곳으로 강추합니다 
첫번째 방문 리뷰에 화장실 수전이 건들건들(?)해서 수전 재설치하면 좋겠다는 리뷰를 남겼었는데   이번 방문에 보니.튼튼하게 보강해놓으셨더라고요.
당연한거지만 좋은 인상을 받았습니다 ^^
",both
라체나1907,정신세계14,"스테이크도 맛있고 리조또, 빠네도 맛있습니다. 저번엔 빠네가 감동적인 맛이었는데 이번엔 리조또가 넘 맛있었어요.",both
라체나1907,맛이말오,"오랜만에 방문했는데 변함없이 밋있고 친절해서 좋았어요~
신랑이 명란파스타를 일주일을 노래불러서 기분이다! 하고 왔는데 어째 명란파스타는 더 맛있어진 느낌이에요!
진짜 바닥까지 싹싹 긁어서 맛있는 만찬을 즐겼어요^^",both
라체나1907,ArielSwiftie,우선 그릇이 예뻐서 사진도 정말 잘 나오고 그만큼 메뉴들이 다 맛있어요!! 데이트로 자주가는 곳인데 이제 친구들하고도 자주 와야겠어요~,both
라체나1907,또로롱970,양이 진짜 많구 석계역에서 데이트할거면 라체나 추천드려용 분위기도 넘 좋구 파스타 스테이크 다 맛나옹❤️❤️❤️,both
라체나1907,마성녀,음식나오는데 너무 오래걸려요,both
라체나1907,megus13,전국에서 청양크림파스타 제일 맛있는 곳,both
라체나1907,gui****,코로나때 포장해서 종종 먹다가 매장에서 아이들하고는 처음방문해서 먹었어요! 너무 맛있다고 자주오고싶다고해요! 친절하시고 양도 많고 잘먹고왔어요! 붐비는 피크타임피해가서 편히 잘먹고왔어요. 바로 웨이팅생기더라구요 저희는 평일6시땡하고 들어가서 7시전에나옴요. 파스타집에 소주도 있어서 너무신기했습니다! 찾으시는분들계셔서 파는거겠죠? ㅋㅋ 예약손님이셨어요 암튼 굿정보되시길요! 저도 소주파라 꼭 담번엔 주문하려고요ㅎㅎ,both
라체나1907,바야바46,"언제 가도 좋은 곳..
오늘은 파스타 속 고기가 넘 짰어요..
담엔 괜찮기를 바래봅니다.",both
라체나1907,dpwlsdl98,치킨 데리야키 파스타 처음 먹어보는데 넘 맛있었어요! 조용히 대화하기 좋은 공간입니다~,both
라체나1907,보람견인차,리뷰도좋고 해서 와이프하고 갔는데 만족합니다 명란파스타는 호불호 갈릴듯 나머지는 다 맛있었어요 스테이크 미디엄 빠네 로제 청냥 크림파스타 굿,both
라체나1907,BamVo,기회가 생겨서 처음 가봤는데 분위기도 너무 좋고 음식도 정말 맛있더라구요 👍 양도 많아서 가성비 인정! 다음에 또 먹으러 와야겠습니다 😁,both
라체나1907,J estar,"맛은 평범했어요. 
주차공간이 여유롭지 못해 아쉬웠어요.",both
라체나1907,zoe76,분위기가 아늑하고 좋아요~ 둘이서 배부르게 먹었어요!,both
라체나1907,Gabriniel50,"대체적으로 무난하지만 무슨맛인지 모르겠습니다.
그나마 저렴한 가격에 아무생각 없이 먹기 괜찮네요",both
라체나1907,공공삼,애견동반가능! 양많고 맛있어요,both
라체나1907,olive green,"첫방문이었는데 일행 모두 만족했습니다.
셋트메뉴도 가성비 굿이고 재방문 의사 있습니다.리뷰에서 좋은 평가를 받을만했어요.
매장직원도 친절하셨어요.
다만 화장실 세면대 수도는 재설치 하셔야할듯합니다 ^^",both
연어시장 석계본점,오늘은 어디로로로,"연어시장 연어는 무한리필인데, 퀄리티가 횟집에서 먹는 연어만큼 좋아서 연어 먹고 싶은 날은 무조건 여기로 갑니다.
기본반찬으로 나오는 떡볶이, 김치전, 양배추샐러드도 무한리필인데, 존맛입니다. 연어찐맛집은 여기입니다. 후기 남기다보니 또 먹고싶네요..",both
연어시장 석계본점,yohu,"연어 무한리필 시켰는데
연어가 정말 신선하고 너무 맛있었어요!!!!!!!
그리고 사장님이랑 직원분들이 정말 친절하셔서 좋았습니다!!!!!!! 특히 탈색하신 직원분이 정말 친절하게 대해주시더라구요🥹🥹 그리고 사장님이신지 아니면 직원분이신지 잘 모르겠는데 같이 계셨던 남성직원님께서도 정말 친절하셔서 감동했습니다!!!
덕분에 정말 맛있고 먹고 재밌게 놀았습니다 !
앞으로 자주 갈게요!!",both
연어시장 석계본점,rla****,"세달에 두번은 가는 집이예요. 항상 친절하시고 손님도 많습니다. 연어 너무 신선하고 연어매운탕, 어묵탕도 정말 맛있어요 👍 ",both
연어시장 석계본점,상냥한니킥,"오랜만에 석계역 연어시장. 이번에는 1번세트. 22,9
불라면, 남성 직원 진짜 엄청 친절하심 굿굿
늘 건강하고 安心을 기도한다.",both
연어시장 석계본점,먹보패밀리,여기 사장님도 너무 친절하시고 음식도 짱맛있어요!! 특히 연어가 예술입니다!!! 엄청 신선해서 비리지도 않고 무한리필인데도 퀄리티가 최상이었어요~~ 리필해도 똑같은 퀄리티 양으로 대만족! 사장님 번창하세용,both
연어시장 석계본점,고빵누나,"진짜 사장님이랑 직원분들이 너무너무너~무친절하고
대처하는 방식도 그냥 깔끔하니까 대박이고♡ 
양도 진짜 많고 밑반찬도 너무 잘나와서 좋아요
그리고 여기 라면 무조건 시키세요 
라면이 아니라 짬뽕이에요 불맛 장난아님!!!!!
국물먹고 감탄하느라 진짜 ...와...또 먹고싶다.... 여기는 진짜 또 오고싶을정도로 본점인 이유가 있었고 맛집인 이유가 있더라구요",both
연어시장 석계본점,yej****,"먼저 연어 퀄리티가 너무 훌룡함. 되게 부드럽고 너무 맛있어서 행복해하면서 맘껏 먹었어요.
그런데 저희는 다른 리뷰 분들과는 좀 다른 경험을 했어요
여기는 리필 방식으로 운영하는데, 연어 바구니에 테이블 번호 표가 붙어있는데, 그 번호 표를 보고 너무 빨리, 많이 리필 할수록 리필을 해주시는 속도도 점점 늦어지고, 연어 5줄이던 첫 상자와는 달리 리필할때부턴 3줄로 줄면서 양도 확 준게 느껴지더라구요... 이렇게라도 해야 장사하지 싶어서 그냥 먹었지만 다른 리뷰 보시고 그냥 양 그대로 많이 나올거라고 생각하실수도 있을 것 같은데 그러진 않는것같습니다.",both
연어시장 석계본점,깨비스,맛집인 이유가 있는 곳입니다. 무한리필이라는 편견을 깨주는 맛이에요! 사이드 메뉴도 너무 훌륭해서 술 마신다는 생각으로 가면 집 못 가는 곳..ㅎㅎ,both
연어시장 석계본점,장래희망은 쩝쩝박사,누가 뭐라해도 석계 최고맛집은 연어시장❤️ 연어 넘 맛있구 사장님도 넘 친절하셔서 갈때마다 기분 좋은 곳이에요!!,both
연어시장 석계본점,먹플루언서혁팀장,"연어랑 기가막힌 서비스가 정말 좋았던 가게!!
무제한에 이런 퀄리티의 연어를 먹기는 힘든가게!
추천조합 연어 + 참치+ 소주조합 강력추천!",both
연어시장 석계본점,tmd****,무한리필로 연어랑 참치를 이 가격에 먹을수 있다는게 너무 좋아요!! 시간제한도 없고 ㅠㅠ떡볶이랑 김치전도 있고 사이드 메뉴도 다양해서 좋은거 같아요!! 잘 먹고 갑니당:),both
연어시장 석계본점,펭꾸루,"밑반찬이 잘 나오고 연어가 맛있어요!
배 터지게 먹었어요ㅠ",both
연어시장 석계본점,안녕하세요옵,맛있는데 찍어먹는 흰소스가 다른곳이랑 다르게 마요네즈 맛이 너무 강해서 금방 물렸어요ㅠㅠ,both
연어시장 석계본점,토깽ee,"퇴근 후 먹는 연어와 참치~ 무한리필♥️
너무 맛잇게 먹었습니다!!  딱.. 술 안주인데 ㅜㅜ 출근때문에 콜라로 대신했습니다🥲 (아쉽)
",both
연어시장 석계본점,로얄리스트,"부모님 모시고 한두 달에 한 번은 갑니다. 여사장님이 친절하게 응대해주시고, 직원분들도 에너지 넘치고 친절한 편입니다. 이벤트로 해시테크 사진 올리면 연어 초밥도 주는데, 늘 잘 먹습니다. 이 식당의 별미는 불라면이에요. 엄마가 국물이 맛있다고 좋아하시는데, 저희는 이거 먹으려고 식당 찾을 정도입니다. 번창하시기를 바랍니다. ",both
연어시장 석계본점,맛이써,"연어 무한리필 너무 맛있게 잘 먹었어요!
무한리필 식당이라서 회 질이 별로일까봐 걱정했는데 두껍고 신선한게 맛있었어요 ! 리필될때도 첫판이랑 퀄리티 똑같습니다 ~~ 연어회 무한리필 여기 진짜 강추해요 👍👍",both
연어시장 석계본점,rla****,"오랜만에 가도 한결같은 집.

근무하시는 모든 분들이 다 친절하시고 항상 감사한 곳 입니다. 특별히 간장새우, 우동 처음 주문해서 맛보는데 너무 맛있었습니다!",both
연어시장 석계본점,슈퍼심스,"우와 넘 맛있어요!! 오랜만에 맛있는 음식을 먹으니 행복해요!! 직원분들도 친절하고 음식 다 맛있어요!!무한리필이라 기대안하게 되지만 석계연어시장은 달라요!!기대이상입니다~~
다음모임 연어시장석계점으로 잡았어요!!불라면 새우튀김 인스타 이벤트 불연어초밥까지!!완벽해요😍",both
연어시장 석계본점,은이1274,여자두명이서 세판 먹고 갑니당,both
연어시장 석계본점,loveoo,연어에 미친 여성 둘이... 조지고 왔습니다 조만간 또 갈게요 사장님 날씨 추우니 몸 조심하시구 항상 건강하세요 그리고... 무엇보다 더 대박나세요 💗💗,both
연어시장 석계본점,안태우45,굿,both
연어시장 석계본점,밤삼킨별60,맛나게 냠냠.. ,both
연어시장 석계본점,예쁜마녀22,신선하고 푸짐하게 잘 먹었어요,both
연어시장 석계본점,호롤롤로롤,너무좋아요 연어무한리필집중에 최고입니다,both
연어시장 석계본점,Yzzzz,"신선하고 맛있어요!
점심 연어덮밥 8,000원💛",both
연어시장 석계본점,인형의꿈35,"2명이라서 무한리필이아닌 연어, 참치, 초밥을 주문했어요, 생선이 완전 신선하고 맛있습니다. 기본으로 제공해주는 김치전, 떡볶이, 샐러드도 좋아요~",both
연어시장 석계본점,rla****,"오랜만에 방문했는데 한결같이 신선하고 맛있네요.

사장님, 모든 직원분들 항상 친절히 응대해주셔서 감사합니다. 남자 직원분은 오래전에 요청드렸던 것도 다 기억하시고 다시 확인해주셔서 너무 감동이었네요 👍",both
연어시장 석계본점,상냥한니킥,"오랜만에 연어시장
늘 건강하고 행복하기를 기도한다",both
연어시장 석계본점,댄구,집 근처가 아니라 자주 못 가지만 연어 땡기면 꼭 가는 곳! 연어 맛 매우 훌륭해요! 무한리필이 이런 맛인 게 항상 감사합니다👍👍,both
연어시장 석계본점,오늘은 어디로로로,"연어 무한리필집 찾아 헤매가가 평이 좋아서 가봤는데 그 이유를 알겠더라구요 연어가 되게 싱싱합니다 리필도 신속하게 해주셔서 좋았어요 기본 제공되는 떡볶이, 김치전, 샐러드도 맛있어요 저녁 피크시간전인 다행히 웨이팅 없이 들어갔는데, 피크시간대 되니 바로 웨이팅 생기더라구요 연어찐맛집 인정띠입니다 가격도 저렴하고 연어는 이제 여깁니다❤️ 저는 1번세트 22900원짜리 주문했어요",both
연어시장 석계본점,마이썬썬썬,"연어가 신선하고 담백해요. 밑반찬으로 나오는 김치전도 괜찮고 떡볶이는 살짝 달달하게 맛있어요 🙂 사장님, 직원들 친절하셔서 좋았습니다!",both
연어시장 석계본점,99miny,"📌 술 안주는 생연어매운탕이 진리
무한리필은 많고, 단품은 아쉽다면 ✨️
아는 사람들은 알겠지만 단품에서
업그레이드버전인 500g생김
👉 물론 전 까먹고 못시킴🫣
📌 엥? 생연어매운탕이모야? 라고
생각하지말고 7천원이니까 꼭 시키기
연어가 생물이라.. 소주가 술술 들어감
",both
연어시장 석계본점,또또48,진짜 또 가고 싶어요 너무 맛있고 질 좋아요👍🏻👍🏻👍🏻,both
연어시장 석계본점,찬란한282,"무한 리필이지만 
연어는 퀄리티 괜찮고 참치는 노말
친절하고 2판째도 퀄리티 동일하네요",both
연어시장 석계본점,코코966,"첫판부터 숨겨진 연어좀 보세여 ㅋ 하
4판 먹고싶엇는데!! 3판 겨우 먹엇어용 ><
너무 신선하고 진짜푸짐하게 줘요 
항상 사람많고 일찍소진되는이유가 잇어요
알바분들도 너무 빠릿빠릿 친절하고 잘챙겨줘요
질릴만큼 먹을수 잇는곳 최고얌",both
연어시장 석계본점,79YOU,맛있게 잘 먹었습니다^^,both
연어시장 석계본점,che****,친절해요.,both
연어시장 석계본점,댄구,"연어계의 손흥민!!!
연어 입에 넣으면 바로 녹아요
참치나 떡볶이, 김치전도 있어서 안 물리고 좋습니다!
연어값 많이 올랐을텐데 아직 영업해주셔서 감사합니다👍👍",both
연어시장 석계본점,흠이미,"항상 가성비 괜찮고 맛있는 연어무한리필집. 기본안주 떡볶이 김치전도 다 맛있고, 리필로 나오는 연어 퀄리티가 계속 동일퀄리티임. 예전보단 많이가격이 올랐지만 그래도 이정도 퀄리티에 무한리필까지 최고맛집",both
연어시장 석계본점,혜오리니,연어 진짜 최고에요! 술이 술술 들어갑니다!,both
연어시장 석계본점,Diyou,3번 리필 박살 내고 왔어요 왠만하면 연어만 드세요 참치 너무 딱딱해 해동이라도 해줘요,both
연어시장 석계본점,비밀3076,👍,both
연어시장 석계본점,mja****,맛있어요 ,both
연어시장 석계본점,희망으로 가득찬,맛있어요.,both
연어시장 석계본점,Want59,"집이 멀어 자주 가지 못하는데, 항상 생각나는 맛입니다.",both
연어시장 석계본점,오리궁뎅이2,연어가 생이라서 너무 부드럽고 맛있어요. 입에서 살살 녹아요^^♡ 1번 무한리필시켜서 무려 3판 먹고 왔어요,both
연어시장 석계본점,wual,"연어가 진짜 맛있고 신선해요!
무한리필집인데도 퀄리티가 너무좋아요.
무한으로 안먹고 그냥 한판만 시켜도 양이 충분히 많아서 항상 이렇게 먹습니다.(자주가요!)
같이나오는 김치전이랑 샐러드 진짜 짱맛있어요!
친구는 떡볶이가 더 맛있다고 하네요 ㅎㅅㅎ",both
연어시장 석계본점,마트다녀오신나문희,"5년째 방문중인 연어시장
물가상승으로 전보다 가격은 올랐지만 무한리필임에도 불구하고 퀄리티가 좋아요 !
",both
연어시장 석계본점,ko****,연어 신선하고 맛있어요!!,right_only
연어시장 석계본점,이채민79,맛있어요,right_only
연어시장 석계본점,소금빵먹고싶당,"신선하구 맛있어요
참치 연어 맘껏
먹을 수 있어서 좋아요",right_only
연어시장 석계본점,람다,연어 대 포장해서 어머니랑 둘이서 먹었습니다. 무엇보다 연어가 너무 신선하고 맛있어서 어머니도 흡족해하셨어요. 양파도 넉넉하게 넣어주셔서 질리지도 않고계속 먹었네요. 대학생 때부터 연어 먹고싶을 때마다 들렀는데 꾸준히 맛있고 신선해요. 다음에 또 먹고싶을 때 방문하겠습니다,right_only
연어시장 석계본점,정순동이,"연어가 땡길 때마다 방문하는 곳이에요!!💖
여긴 모든 게 맛있습니다.. 기본 반찬(떡볶이,김치전 등)들 마저도요...😍

[생연어회]
생연어는 말이 필요없을 정도로 신선하고 맛있구요...❤️‍🔥4명이서 300g 두 판이나 먹었네여...헤헤🫶🏻

[연어초밥]
초밥은 반반말고 All 불초밥으로 시키시는 것을 강력추천합니다!!! 생연어는 회로 이미 있잖아요??ㅎㅎ 불초밥 진짜 기름지고 고소하고 다 합니다...존맛탱🤪💖
생연어초밥이 드시고 싶다면 셀프초밥(초밥용 밥) 추가를 추천드려용~~~!

[연어매운탕]
원래 국물이 먹고 싶을 때는 불라면 주문해서 먹었었는데 (불라면도 존맛) 문득 생연어매운탕의 맛이 궁금하여 먹어봤더니... 얼큰짭짤 맛나고, 버너로 계속 끓여먹을 수 있어서 술안주로도 넘 좋았",right_only
연어시장 석계본점,서르미,무한리필에 비해 질이 좋아요 ,right_only
연어시장 석계본점,고독한혼밥러,"연어비린내없이무한으로즐길수있어좋아요
떡볶이김치전존맛:)",right_only
연어시장 석계본점,ko****,연어 퀄리티가 진짜 좋아서 자주가요,right_only
연어시장 석계본점,나는멋쥉이,"보통 무한리필 가면
고기가 달라서 2번째판부턴 별루잖아요
하지만 여긴 달라요
처음부터 세번째 네번째 까지도 역시나 맛있음 ㅠㅠ 
직원은 친절해서ㅠㅠ
눈치안보고 편안하게 리필하고왔어요
무한이아니더라도 
넘 맛있어서 찾을 곳 !!!
대박나세요 ❤️❤️",right_only
연어시장 석계본점,hpmcouple,^^,right_only
연어시장 석계본점,treenwater,사장님 정말 친절하고 음식도 신선하고 맛있어요. 아이도 데리고 온 가족이 맛있게 잘 먹었답니다. 물론 가족 단위보다는 친구들끼리 모여서 술 한잔 하면서 나누기 좋은 곳이긴 해요. 그래도 아이왔다고 젤리도 챙겨 주시고 감사했어요. 우동도 맛있어요. 연어먹으면서 같이 먹으면 좋아요.,right_only
연어시장 석계본점,티아메트64,"자주가는 무한연어 맛집 입니다.
연어도 신선하고 리필해도 퀄리티가 떨어지지 않습니다.
연어를 좋아하시면 추천드립니다.",right_only
연어시장 석계본점,개미2724,"연어시장 단골이에요ㅎㅎ 석계점 군자점🌝
전에 23000원할따 갔었는데 가격 좀 내려서다행이네요🥲",right_only
연어시장 석계본점,yoo****,아 맛있어요 진짜,right_only
연어시장 석계본점,99miny,"ㄴHㅅrㄹ5 연어시장 💖
이사가서 이 동네 놀러갈때면 먹는데
일요일 휴무 아숩 😭
연어 참치 셋 드시면서 사이드는 꼭 연어 매운탕 먹기로 우리 약속해요 ( 숨은 찐맛 메뉴 ) 🤗",right_only
연어시장 석계본점,지우개6,연어 먹을 때마다 연어시장으로 갑니다~👍,right_only
연어시장 석계본점,난다요21,좋아요~,right_only
연어시장 석계본점,wual,"연어 너무 맛있고,
서비스로 주시는 김치전이 생각지 못하게 정말 맛있어요",right_only
연어시장 석계본점,버터왚,항상 연어는 연어시장을 애용하고 있습니다,right_only
연어시장 석계본점,rla****,"연어 진짜 신선하고, 직원분들 친절도 최고 입니다.

사장님께서 교육을 잘 시키시는 건지 아님 좋은 직원분들을 만나시는 복이 있으신건지 어쨌든 참 좋습니다.

연어 매운탕 진심 맛있고, 어묵탕은 맑고 자극없이 부탁드린다고 어렵게 요청드렸는데 직원분께서 사장님께 잘 말씀해주시고 또 요청대로 해주신 덕분에 맛있게 먹었습니다.

다시 한번 감사드립니다.",right_only
연어시장 석계본점,댄구,연어는 여기가 찐입니다요👍,right_only
연어시장 석계본점,dyw****,참치 연어 둘 다 너무 맛잇어욭,right_only
연어시장 석계본점,쏘쏘1,"기대 이상으로 맛있게 먹었어요!
연어매운탕 처음 먹어봤는데 추천합니다.",right_only
연어시장 석계본점,연탄2019,배터지게 먹고 왔어요😇 직원분들 친절하시고 연어시장 연어는 언제나 훌륭합니당👍👍,right_only
연어시장 석계본점,qwerty372,친절하고 맛있어요,right_only
연어시장 석계본점,이지현9564,좋아용!!,right_only
연어시장 석계본점,jenny8090,연어 맛집!!! 연어 땡기면 무조건 여기로가요!!,right_only
연어시장 석계본점,상냥한니킥,오랜만에 연어시장 🌻 늘 건강하고 행복하기를 ,right_only
연어시장 석계본점,h가을수정,좋아요 ,right_only
연어시장 석계본점,qwerty372,굿,right_only
연어시장 석계본점,흐음94,연어 왕창 먹고 싶을 때 갑니다 맛있어요,right_only
연어시장 석계본점,1 2 3 4,"연어시장 짱짱,,👍",right_only
연어시장 석계본점,해피0811,연어 너무 맛있어요,right_only
연어시장 석계본점,힝35,포장도 빠르네용 감사합니당,right_only
연어시장 석계본점,_521,좋아요 ,right_only
연어시장 석계본점,고독한혼밥러,연어포장도두툼하니좋네요,right_only
연어시장 석계본점,phj****,굿굿,right_only
연어시장 석계본점,가고싶다22,연어맛나요,right_only
연어시장 석계본점,rla****,"가끔씩 가는 집이예요.

연어가 정말 싱싱하고 맛있어요!

연어 매운탕도 정말 일품 입니다.",right_only
연어시장 석계본점,jnk****,생연어가 너무 맛있어요,right_only
연어시장 석계본점,Tyyu,완전 맛있게 먹었습니다! 양도 많았구요ㅠㅠ 맛은 진짜 보장 ….🤍🤍🤍 다음에 또 방문할 마음 100% 에용,right_only
연어시장 석계본점,z30yh,좋아요 ,right_only
연어시장 석계본점,베르날,정말 맛있게 잘 먹었습니다 가성비 너무 너무 좋네요,right_only
연어시장 석계본점,min****,"연어가
고소하니 맛났다.",right_only
연어시장 석계본점,옌지63,포장도 좋아요!,right_only
연어시장 석계본점,상냥한니킥,오랜만에 연어시장🤗 니야호 _맛집 안주 그리고 일상,right_only
연어시장 석계본점,ks****,좋아요,right_only
연어시장 석계본점,힝35,맛있네요!,right_only
연어시장 석계본점,처음처럼6275,굿,right_only
연어시장 석계본점,jeonsira,맛있어용,right_only
연어시장 석계본점,qwerty372,좋아요!,right_only
연어시장 석계본점,ㅁㄸㅇ,맛있어요,right_only
연어시장 석계본점,juh****,굿,right_only
연어시장 석계본점,lds****,굿,right_only
연어시장 석계본점,hilove,굿,right_only
연어시장 석계본점,츄러스9137,완전맛있어용!!!,right_only
연어시장 석계본점,댄구,연어 맛 훌륭합니다👍👍👍,right_only
연어시장 석계본점,엄지손톱68,굿,right_only
연어시장 석계본점,아임파인14,"전쟁으로 인당 5천원도 아니고 8천원 올린건 좀.. 그래서 그런지 매일 사람 붐비던 곳이 한산~~
그래도 연어 신선하고 맛있어서 감ㅋㅋㅋㅋ
맛있게 먹고 놀다 갑니데이🙂",right_only
연어시장 석계본점,lr****,굳,right_only
연어시장 석계본점,slrmi,굿,right_only
연어시장 석계본점,빨강야웅,친절합니다 ,right_only
연어시장 석계본점,준석수빈맘,친절해요 ,right_only
연어시장 석계본점,슈퍼심스,"맛있어요^^참치와 연어 간장새우 그리고 오뎅탕 ,얼큰라면까지 맛있어요!!!
떡볶이 서비스도 맛있어요!!!또 갈래요!!",right_only
연어시장 석계본점,snmn,연어 항상 맛있고 양 많이 주세요👍,right_only
연어시장 석계본점,백승윤4974,"이쪽지역으로 또 놀러온다면 또 가고싶은 가게입니다.
연어무한리필 같은거 몇번 먹어봤는데, 좋은 기억은 없었어요. 근데 여긴 맛있어요!! 한번 더 리필하면 맛은 다르지않을까 싶었는데 퀄리티 괜찮아요. 그리고 떡보낑도 은근 맛있어요 ㅋㅋㅋ 회가뭔가 물리면 떡볶이먹으면 괜찮아져요 ㅋㅋㅋㅋ 또 먹고싶다.",right_only
연어시장 석계본점,shi****,굿입니다 ,right_only
연어시장 석계본점,아지라엘95,"맛있게 먹었습니다~
연어 좋아하시는 분들은 아주 좋겠어요~ 
저희는 딱 두접시 먹고 느끼해서 불라면 먹고 일어났습니당ㅎ",right_only
연어시장 석계본점,혜지870,좋아요,right_only
연어시장 석계본점,또동이76,소문 듣고 갔는데 진짜 맛있네여 ㅠㅠㅠ,right_only
연어시장 석계본점,또우뚜,굿,right_only
연어시장 석계본점,곰팅053,"양도많고 직원분들도 친절하시고~
좋아요^^",right_only
연어시장 석계본점,브뤠디,"연어시장 첫 방문! 연어무한리필인데도 정말 연어가 신선했고, 두번째 접시 때 셀프초밥이랑 같이 먹으니 딱 맛있게 잘 먹었던 것 같아요! 재방문 의사 완전 있습니다!",right_only
연어시장 석계본점,고진20,제로페이결제  가능하냐고  핸드폰을  보여  주면서  물어보고난후  들어가서  식사햇엇는데  식사하고나니 그걸로는  결제안된다고  하니  거참  남자알바생 이 손님 말 건성으로  들어서  이런  결과  아주  불쾌한 식당 이엿네요,right_only
연어시장 석계본점,bluetoyjin,좋아요,right_only
연어시장 석계본점,whatever2v,"금세 만석되고 웨이팅 하더라구요.
처음 가봤는데 괜찮았어요~",right_only
연어시장 석계본점,xj428,맛있어요 :),right_only
연어시장 석계본점,클레란스,"친절하시고 넘 좋아요
맛있게 잘 먹었습니다😊",right_only
연어시장 석계본점,jgs916,맛있네요,right_only
연어시장 석계본점,냥쥬,연어시장 최고최고👍👍,right_only
연어시장 석계본점,hyhnsj,"맛있는데 많이 못먹으면 무한하지 
마세요ㅠㅠ 추천해요!!",right_only
연어시장 석계본점,jungkm02,좋아요,right_only
연어시장 석계본점,jou****,연어도 맛있고 셀프초밥 매운탕도 맛있어요 ^^^,right_only
연어시장 석계본점,유니1004,"울동네서 미아삼거리며 무한 연어 다가봐도 이곳만한데가 없네요. 생연어로 아주 싱싱하고 쫄깃해자주가는 당골집. 
사장님 친절하시고 갈때마다 알아봐주셔서 감솨

다만 좀만 먹어도 질려서 ...
김치전 대신 칼칼한 조개탕이나 아님 오뎅국물라도 주심 더 자주 가게 될듯여~^^",right_only
연어시장 석계본점,루영,"연어시장 정말 최고에요 ♡ 
신랑이랑 자주 가는데 
정말 신선하고 맛있어요 
리뷰남기는 지금도 막고싶어요 ㅎㅎ",right_only
연어시장 석계본점,베이지 글로우,연어품질이 정말 좋아서 만족합니다,right_only
연어시장 석계본점,꿍호두,너무 맛있어요!!!!,right_only
연어시장 석계본점,inv****,최고입니다. 매번 방문하고 싶은 음식점입니다.,right_only
연어시장 석계본점,익명2923,굿,right_only
연어시장 석계본점,처음처럼6275,맛있게 먹었어요,right_only
연어시장 석계본점,연탄2019,연어 먹고싶으면 무조건 여기로 가요. 엄청 두툼하게 썰어주셔서 한점 먹자마자 감탄합니당! 리필 여러번 받는데도 전혀 질 떨어지는거 없고 계속계속 맛있더요.. 질리도록 먹었다고 생각했는데 벌써 또 먹고싶네요ㅜ.ㅜ,right_only
연어시장 석계본점,Heni67,리필한 연어도 맛있고 늘 친절해요,right_only
연어시장 석계본점,모마마마,리필 할 때도 친절하고 계속 맛있어요~,right_only
연어시장 석계본점,ellia,가게가 너무 친절해요!!!오픈에 맞춰 갔는데 이미 손님이 와 계시는 이유를 알겠더라구요!! 연어귀신인데 리필까지도 두툼하게 주시고 몇번 다른 것도 리필하는데 계속 끝까지 친절하시고~갈비살 서비스까지 주시는 감동 ㅠㅠ 저희 동네에도 있으면 정말 단골될거에요!! 너무 잘 먹었습니다!!! 번창하시고 오래오래 가게 해주세요~ 먼 길이지만 다시 또 들르겠습니다❤️,right_only
연어시장 석계본점,치즈8765,좋아요,right_only
연어시장 석계본점,상냥한니킥,오늘 본판 먹고 두번째 판은 예전에 비해 좀 그랬어요 리필 한번 하고 나왔어요 니야호,right_only
연어시장 석계본점,vkf****,좋아요,right_only
연어시장 석계본점,happyda2,"노원을 떠나며 먹은 마지막 음식 ㅠ,.ㅠ",right_only
연어시장 석계본점,푸르른날푸른하늘,처음갔는데 좋았어요,right_only
연어시장 석계본점,상냥한니킥,연어시장 떡볶이도 맛있네요 굿굿,right_only
연어시장 석계본점,musicrave,15900원에 연어무한이라 연어좋아하는 신랑이랑 자주 가는곳~더이상은 가격이 오르지 않기를^^;,right_only
연어시장 석계본점,돼장ㅎㅁㅎ,"맛나요
김치전 존맛 ㅠ
김치전 빠삭하게 잘구워주셔서 좋아요... 
여사장님 친절해요👍👍",right_only
연어시장 석계본점,대박불끈,좋아요,right_only
연어시장 석계본점,Bingbongdari,좋아요~~,right_only
연어시장 석계본점,wld****,"연어참치세트 먹었는데
리필해도 퀄 괜찮았어요ㅎㅎ
사이드로 주시는 떡볶이가 맛있더라구요",right_only
연어시장 석계본점,Jun7167,자주 방문합니다. 웨이팅 있어도 2시간도 기다려봤어요. 충분히 그럴만 해요ㅎㅎ,right_only
연어시장 석계본점,솜이4032,굿,right_only
연어시장 석계본점,Sims28,맛있어요!,right_only
연어시장 석계본점,희 원,연어는 무조건 연어시장입니댜,right_only
연어시장 석계본점,상냥한니킥,석계역 연어시장 맛있어요 떡볶이,right_only
연어시장 석계본점,다오니8871,굿,right_only
연어시장 석계본점,반달곰872,연어 맛있고 김치전이 존맛이에요,right_only
연어시장 석계본점,CHANCHAN45,연어 질도 너무 신선하고 맛있는집!! 진짜 가성비 최고인 맛집,right_only
연어시장 석계본점,연두4764,"연어랑 참치는 당연히 맛있고, 사이드 메뉴들도 짱짱 맛있어요. 사장님도 정말 친절하셔서 자주 오게 돼요 ㅎㅎ 오시면 후회 안하실거에요💗",right_only
연어시장 석계본점,테유,"연어시장 찐 맛집 
매장도 추천! 배달도 추천!
친절한 사장님!!♡♡",right_only
연어시장 석계본점,dob****,"연어.참치
무한리필

한판만 먹어도  배불러요",right_only
연어시장 석계본점,박두을연,맛나요,right_only
연어시장 석계본점,밤빵34,작년부터 친구데리고 방문하는데 퀄리티도 좋고 맛있어요! 직원분들도 친절하시고 같이 나오는 떡볶이랑 김치전도 존맛탱입니당👍👍,right_only
연어시장 석계본점,태현밥팅,연어가 숙성이 잘되어 부드럽고 씹는맛이 좋아요 무한리필이지만 느끼하네요  잘 먹었어요,right_only
연어시장 석계본점,natasha2,냉동 참치입니다. 연어는 신선하고 맛있어요,right_only
연어시장 석계본점,상냥한니킥,정말 오랜만이다,right_only
연어시장 석계본점,솜이4032,맛있어용~,right_only
연어시장 석계본점,Annnnna45,기대안했지만 연어가 싱싱하고 맛있어요,right_only
연어시장 석계본점,이도오,집에서 좀 멀지만 맛있는 연어를 왕창 먹고 싶을 때 찾는 곳입니다. 낮 2시부터 영업해서 낮술하러 가기에도 딱이에요. 연어가 좀 물린다 싶을때 사이드 메뉴도 함께 곁들여 먹는데 진짜 다 맛있어요. 멀리서 찾아간 보람이 있는 맛집입니다👍,right_only
연어시장 석계본점,jou****,"잘 먹었습니다!!
양도 많고 맛있어요!!
사장님도 친절하시고 셀프초밥도 짱이예요^^",right_only
연어시장 석계본점,저런68,맛있게 먹고 갑니당~,right_only
연어시장 석계본점,ddddddddin,강추합니다,right_only
연어시장 석계본점,연꽃라떼,연어 먹을땐 집이 먼데도 꼭 여기로 가요. 이집만큼 괜찮은곳을 아직 찾지 못했어요~^^,right_only
연어시장 석계본점,이호경70,연어가 싱싱해요..^^,right_only
연어시장 석계본점,Hoo7986,연어연어~,right_only
연어시장 석계본점,hee9994,짱,right_only
연어시장 석계본점,엉아9462,연어 너무 맛있어요 2번 3번 리필해도 첫번째랑 퀄리티가 똑같아요. 사이드로 나오는 떡볶이랑 김치전도 맛있고 직원분들도 친절해요~!,right_only
연어시장 석계본점,하늘곰K,"날벌레들이 많이 날아다녀서 조금 불편했지만,  음식은 정말 맛있었어요ㅎㅎ❣ 직원분들도 정말 친절하셨구요.",right_only
연어시장 석계본점,레몬언니,맛있어요,right_only
연어시장 석계본점,번희,인생연어맛집,right_only
연어시장 석계본점,아홉공,연어가 신선합니다,right_only
연어시장 석계본점,중이1,최근에 거의 3일 연속으로 먹은 적도 있어요ㅎㅎ 항상 포장해가는 사람입니다 ㅎㅎ 사장님이 절 알아보실 정도로 자주 이용중입니다^..^ 너무 맛있고 싱싱하고 친절하세요! 앞으로도 쭉 이용할거에요,right_only
연어시장 석계본점,pur****,싸고 맛있음.  연어시장 불초밥,right_only
연어시장 석계본점,lhb8106,연어도 신선하고 좋아요,right_only
연어시장 석계본점,SoEuN,넘조아여 마싯고 좋습니당 ㅎㅅㅎ,right_only
연어시장 석계본점,포이보스4,양도 많고 친절합니다,right_only
연어시장 석계본점,정로로님,"친절하고,양도많아요",right_only
연어시장 석계본점,eun****,연어맛집!!!!!!!,right_only
연어시장 석계본점,밍밍4171,맛있어유,right_only
연어시장 석계본점,jou****,굿,right_only
연어시장 석계본점,헤비감성보이,연어가 미끈거리고 덜 싱싱한 느낌으로 별로고 참치는 비교적 양호하지만 그래도 뷔페 퀄리티정도로 느껴졌습니다,right_only
연어시장 석계본점,Want59,진심 존맛,right_only
연어시장 석계본점,자몽에이드02,너무 맛있었어요~ 소스부터 연어까지,right_only
연어시장 석계본점,내몸같지않네,석계 낮술,right_only
연어시장 석계본점,부30,지금까지 가 본 연어 무한리필 중에서 가장 질이 좋았어요! 리필 시킨 것도 처음 받은 연어랑 똑같더라구요 신선해서 좋았습니다 ~~,right_only
연어시장 석계본점,상냥한니킥,정말 연어 참치 무한리필집 중에 최고 인듯 싶어요,right_only
연어시장 석계본점,상냥한니킥,너무 맛있어요,right_only
연어시장 석계본점,솔꿍,너무 맛있게 먹고왔어요 대박,right_only
연어시장 석계본점,시안66,친절하고 연어도 진짜 맛있었어요 ㅠㅠㅠ! 다음에 또 올게요!,right_only
연어시장 석계본점,용용5425,맛은있지만 2번째리필부터는 질이 확실히 떨어지는게 보이네요 퍼석퍼석 합니다...,right_only
연어시장 석계본점,아이스큐브라떼,맛있어요,right_only
연어시장 석계본점,asdf0315,연어 두툼하고 완전 맛있어요! 떡볶이는 학교 앞 떡볶이 느낌!,right_only
연어시장 석계본점,맛집투어55,ㅎ,right_only
연어시장 석계본점,ieper,좋아요,right_only
연어시장 석계본점,eeb****,"좋아요 너무너무 맛잇어요~~^^
늘생각나는 맛  


사장님
꼭 부탁 드립니다
화장실 나프탈렌 냄새 너무 지독하고
싫어요싫어요
화장실문조금만 열려있어도 역겨워서 입맛이 떨어지고요
화장실 갔다오면 온옷에 냄새도 베서 집에가는 버스에서도 냄새가나요
화장실 개선좀부탁드립니다
제발요ㅠㅠ",right_only
연어시장 석계본점,RUMBLY,연어도 신선하구 전이 바삭바삭해서 맛있어요,right_only
연어시장 석계본점,jwmy,배불려요,right_only
연어시장 석계본점,삐뚱띵,좋아요,right_only
연어시장 석계본점,웃자11,리필도 좋아요~~~~~,right_only
연어시장 석계본점,닉네임왜이러지,포장해서 먹었는데 너무 꿀맛이에요ㅠㅠㅠ 좀만 양이 많았으면 100점!!,right_only
연어시장 석계본점,미겔113,양이 많아요,right_only
연어시장 석계본점,정재혁,가성비보다는 가심비가 좋은듯.,right_only
연어시장 석계본점,겸마,"연어 맛있어요 
",right_only
연어시장 석계본점,JH5835,맛있고 퀄리티도 좋은데 연어 특성상 금방 질림,right_only
연어시장 석계본점,jin7283,참치는 별로예요,right_only
연어시장 석계본점,저런68,매번 포장해가서 잘먹어용ㅎㅎㅎ,right_only
연어시장 석계본점,산소녀41,연어도 싱싱하고 맛나서 좋아요,right_only
연어시장 석계본점,설설0,연어랑 참치인데 퀄리티는 쪼곰 떨어지지만 저렴한가격에 많이 먹을수잇음!,right_only
연어시장 석계본점,설설0,맛있음!!!무한리필은 생각보다 많이 못먹지만...그래도 연어좋아...ㅎㅎㅎ,right_only
연어시장 석계본점,샘숭12,맛있어요,right_only
연어시장 석계본점,cotton,쏘토닉 존맛,right_only
연어시장 석계본점,봉식이74,별로다 기분이 연어가 그날별로,right_only
연어시장 석계본점,맹꽁이043,"연어가 땡겨서 포장해서 먹었습니다
진짜 맛있어요 ㅠ 조만간 또 방문해야겠여요 ",right_only
연어시장 석계본점,aefe1,가성비 좋은 연어 무한리필집!,right_only
연어시장 석계본점,eenowes,처음 생겼을때부터 엄청 많이갔어요 제가 가봤던 연어 무한리필중 가장 맛있어요,right_only
연어시장 석계본점,이나래7045,맛있게 잘먹었습니다,right_only
라체나1907,SJ3368,"청양크림 파스타가 느끼하지 않고 연한 고기가 들어있어서 맛있어요. 파프리카는 더 많이 들어가있으면 좋겠어요. 리조또에 새우 3마리가 들어있고, 양이 많아서 좋았어요. 특별한 날에 방문해도 좋을 것 같아요 ",right_only
라체나1907,Meal99,자주 가는데 늘 맛있어요! 모든 음식 다 더맵게로 선택했는데 역시 맛있습니다 😘,right_only
라체나1907,callahh82,직장 점심 회식으로 이용했음. 음식도 맛있고 했으나 여러명이라 캔 콜라 주문에 미스가 있어 혹시 하나는 취소 가능하냐 했는데 주문들어가면 얼음컵등 서비스가 제공됐기 때문에 어렵다고 함. 나갈때 그런 부분은 좀 아쉽다 했더니 친절도 아니 불친절도 아닌 사람더 기분 묘하게 나쁘게 영혼없는 말만 해서 오히려 더 기분이 안좋았음. 영업장마다 방식이 다 있는거라며 묘하게 웃으며 까는게 정말 불쾌했음. 취소가 안된다는 것보다 직원의 응대가 더 불쾌했음. ,right_only
라체나1907,가을사랑83,"석계역 숨은 맛집이예요
가성비도 좋고  분위기도 좋아요
",right_only
라체나1907,ppk****,"양도 많고 가격도 좋아요~~
대파 스파게티 처음 먹는맛인데 넘 맛있어요~~
자주 올것같아요~~",right_only
라체나1907,121****,"첫방문이였는데요,워낙파스타좋아하는데요, 이곳 청양크림파스타 정말맛있었어요.소ㅡ스까지긁어먹었다는거여요
레드와인스테이크100g더추가해서주문했는데요
부드럽고 맛있었어요.다시또 방문해서 다른파스타도먹어봐야겠다싶더라구요
맛있게 또배부르게잘먹어서 감사하단말전하고싶어요.
레드와인",right_only
라체나1907,또로로로록옹,맛있게먹었어요양이 많은편은 아니었어요,right_only
라체나1907,신범주,음식도 호텔음식 못지않고 가격도 느므 착해서 강추입니다.친구랑 행복한 시간 보냈습니다,right_only
라체나1907,bjl****,지인 생일 축하기념으로 방문했는데 식사도 맛있게 하고 즐거운 시간 보냈어요^^,right_only
라체나1907,맛있어죽어,"그냥 다 맛있음 무조건 드세요
특히 청양파스타는 말해 뭐해?
맥주한잔과 같이 하고 싶네요~~^^
그냥~~~
미리 주문 전화하면 바로 먹을수도 있으니 데이트장소로도 베리나이스 ",right_only
라체나1907,mah****,두명이서 파스타랑 리조또시켜먹었는데 양도많고 맛있습니다!분위기도 좋아서 기념일에오기더더좋아요!,right_only
라체나1907,내사랑에이스,"여긴 올때마다 맛 양 서비스 늘 만족스러운 식사를 했습니다!!
항상 번창하시길 바랍니다.게다가 가성비도 대만족 입니다!!!",right_only
라체나1907,맛이말오,"늘 라체나에서 맛있게 먹고 있어요
아이가 까르보나라와  토마토 스파게티 둘 다 비교할 수 없을 정도로 맛있대요 ^^",right_only
라체나1907,워니찡14,"너무 맛있어서 다먹어버렸지 뭐예요 ㅋㅋㅋ 
짱맛입니당 ㅋㅋ 두번 세번 네번 다섯번 백번 가려고요

이곳은 동네 맛집 ! 🩷 나만 알고 싶음...💕",right_only
라체나1907,만두만듕,맛있어요 ㅎㅎ 분위기 조용하고 대화하기 좋아요 ,right_only
라체나1907,내사랑에이스,"크리스마스이브에 가려고 일찌감치 예약하고 다녀 왔어요 
여긴 진짜 음식들이 다~~ 너~~~무 맛있어요!!동네 찐맛집
메뉴 아무거나 시켜도 전부 맛나요^^",right_only
라체나1907,megus13,이미 몇번 방문한 맛집인데 청양크림파스타가 너무 맛있어요 크림이 넉넉하고 진해서 좋아요!,right_only
라체나1907,메뚱,맛있게 잘 먹었습니다,right_only
라체나1907,형수찡97,가격이 많이 비싸지 않고 양도 꽤 많아요 가성비 식당이네요! 맛은 무난합니다. 엄청 맛있다 느낌은 아닌데 스테이크에 나오는 하얀 소스가 조근 짭조름하지만 맛있었요! 석관동에 양식집 없는데 이 정도면 괜찮은 것 같습니다. 개인적으로 피자가 없는 게 아쉬웠어요 메뉴도 크림의 비슷한 것 위주로만 있어서 선택의 폭이 많진 않았어요! ,right_only
라체나1907,내가조아영,"석계역에 맛있는 파스타집을 못 찾고 있었는데, 딱 찾았네요! 가격도 정말 괜찮고 양도 많고 맛있어요",right_only
라체나1907,우리가족17,음식이 맛있고 매력이 있네요.,right_only
라체나1907,행복한세상6576,"예약후 바로입장하고
3인세트메뉴로 주문하여 맛나게 수다와함께
마감때까지 있었네요
맥주도맛나고 음식도 맛나 다음에 다시 들르기로
했어요
친절하시고 10시마감이랬는데 마지막까지 부담주지 않으셔서
저희가오히려 죄송했네요
잘먹고왔습니다~~",right_only
라체나1907,깨비ㄹㅇ,"단골이지만 올만에 후기쓰네요 파스타가 새로 생겨 너무 맛났어요 친절하고 손맛 좋은 사장님 보러 오는곳. 
자주 올께요",right_only
라체나1907,Jiuuni,"맛은 생각보다 평범했고 맛있었어요
가게의 분위기가 좋아요",right_only
라체나1907,spoonts,매번 갈 때마다 맛있게 먹고 있어요. 동네에 이런 곳이 있어서 너무 좋습니다 :),right_only
라체나1907,맛다시맛다시다,"석관동에서 제일 유명한 파스타집 답게
항상 손님들이 넘쳐나는 곳인데,
한가한 시간을 틈타 혼밥 했습니다.

청양크림파스타 : 우둔살이 듬뿍 토핑되어있고, 청양고추로 칼칼함을 더해 느끼하지 않은 크림파스타입니다. 양도 정말 푸짐해요!
페로니 맥주랑 금상첨화네요 :)

정말 만족스런 식사입니다. 강추에요!!",right_only
라체나1907,난리나요,"너무친절하고 
분위기도 좋고
음식도 음료도 다 맛있어요
먹는내내 맛있다 다음에 또 오자는 말을 반복하고
만족하며 돌아왔습니다
정말 또 가고싶은 곳이에요",right_only
라체나1907,플로렌tia,음식 너무 맛있고 단체모임하기도 좋아용,right_only
라체나1907,미니미니미닝미니밍밍,"2인세트로 먹었는데 청량빠네 파스타는 한국의 맛이 느껴지는 맛이엿고 카프레제는 맛잇엇어요
근데 살치살스테이크는 살치살이 아닌 느낌이엿고
양송이 스프 추가해서 먹엇는데 양송이 맛이 1도 안나는 느낌이엿어요
맛보다는 가성비로 먹기 좋은 가게인듯
이탈리아 맥주는 맛낫어요
아 그리고 알바생 말 소리 넘 작아서 뭐라구 하는지 못알아듣겟어용..",right_only
라체나1907,나현6491,"사장님이 친절하고 음식도 너무 맛있고 파스타도 대파랑 잘어울리고 뇨끼 첨먹어봤는데 담에 또 먹을 것 같아요~ 스테이크도 맛있었어요!! 
그리고 감동받은건 여성위생용품 파우치도 있는것 
담에 또 방문하겠습니다!
",right_only
라체나1907,팜볼트,맛있어요! 석계역 맛집입니다 :),right_only
라체나1907,jmh****,"청양크림파스타랑 리조또가 너무너무맛있습니다 매번 올때마다 먹지만 매번 너무 맛있어요!! 이번엔 아예 1인 1 청양크림 했습니다 ㅎㅎ 
근데 여기 토마토 파스타도 감칠맛있게 엄청 맛있어요 !!!!! 짱",right_only
라체나1907,바야바46,네명이 단품으로 4개 주문했는데 세트보다 저렴했어요.  음료수를 안먹었거든요.  늘 배달로만 먹다가 방문했는데 역시나 맛나네요. 이제 매장 위치 알았으니 자주 갈래요. 강추합니다.,right_only
라체나1907,호박마녀57,"늘 가던. 단골 가게인데. 이번에 갔을때는 너무 실망스럽네요. 면은 너무 삶아져서 퍼져있고. 
느끼하고. ㅜㅜ.   이가게로. 추천한 저는
친구들한테.  많이 미안했네요 ",right_only
라체나1907,슈슈슈슈2,특별한 메뉴와 음식양 모두 너무 좋았습니다.,right_only
라체나1907,량냥양,차 타고 가다가 주변 검색으로 발견한 맛집! 주차도 가능하고 파스타 맵기 조절도 가능해서 좋아요! 시킨 음식들도 넘 맛있음!!! 식후 가글 있는 것도 귀엽고 사장님도 친절하세요 ㅎㅎ,right_only
라체나1907,hz****,집근처에 맛있는 파스타집 있어서 너무 좋아요~^^,right_only
라체나1907,mrb****,"친구랑 전에 와보고 맛있어서 재방문 했어요!
시저샐러드 소스가 조금 짰지만, 대체로 맛있었습니다!
맵기 조절되는 것 아주 좋고, 다양한 술이 있어서 아주 만족합니다",right_only
라체나1907,투율,"점심때 회사분들하고 자주 가는곳이에요. 예약 안하면 일찍 가야합니다. 안전빵으로 예약 하고 가세요. ㅎ
청량 명란파스타 최애! ❤️  리조또도 맛있고..  사진에는 없지만~ 스테이크도 맛나요~^^ ",right_only
라체나1907,정신세계14,제가 여길 세번인가 연달아 방문했는데 정말 맛있습니다.,right_only
라체나1907,mammoth97,맛있어요 뱃속에 넣느라 사진을 못찍었네요 다음에 또 와서 맛있게 찍어올리겠습니다,right_only
라체나1907,날꼬59,크리스마스라 예약이 차서 어렵게 방문했네요~ 친절하게 예약잡아주셔서 감사합니다^^ 매번 먹는 청양파스타는 언제나 맛있네요~~~,right_only
라체나1907,kwo****,"파스타가 정말맛있어요.
음식을  양도 많았는데 싹비우고 왔네요.
한번가보세요.후회안하실듯 합니다",right_only
라체나1907,Meal99,자주 생각나는 곳이라 이번에 포장해서 먹었습니다. 역시나 맛있었습니다! 아쉬운 것은 피클 맛이 이상했어요ㅠㅠ 추가로 담아주신 것은 괜찮았는데 작은 용기에 담긴 피클 맛은 이상했어요 확인해보시는 게 좋을 듯해요!!,right_only
라체나1907,흥부자45,가족들이랑 식사 전에 간단히 먹으려고 갔는데 좋았어요! 감바스도 맛있는데 부모님도 청양크림파스타를 좋아하셨어요ㅎㅎ 잘먹었습니다,right_only
라체나1907,REINA7,"다닌지 4년째인데 집앞이고 남편이랑 저녁에 자주찾게되는 단골집이에요 메뉴 거의 다먹어봤는데 다 맛있고
가성비 너무좋아요 어디강남가서 먹는것보다 훨씬 만족도 높아요 오늘도역시 싹싹비우고 갑니다 이대로만 오래오래 장사해주세요~~~!",right_only
라체나1907,앨리스9156,"2인세트 + 스프 추가.
청양크림파스타. 
레드와인스테이크로 주문. 
샐러드 양도 푸짐하고. 
크림파스타도 너무 맛있고. 스테이크도 예술입니다. 
애둘 놓고 우리 부부만 갔는데....
담엔  애들이랑 같이와야겠어요^^ 
둘만 너무 맛난거 먹어서 미안한 마음이 드네요^^ . 
",right_only
라체나1907,joy41,음식 맛있고 인테리어 깔끔해서 모임 장소로 딱인듯해요 ㅎㅎ 파스타 먹고싶을때 또 방문할게요 번창하세요,right_only
라체나1907,수빈828,음식도 맛있고 직원분들도 친절했어요!👍,right_only
라체나1907,현4,"양도 되게 많고 맛있네요
이벤트 같은 거 있길래 자세히 읽어 봤는데
5번 이상 와야지만 와인을 증정 하는 게 있더라고요
너무 멀어서 5번씩 오기엔 힘들고
콜라 이벤트 같이 음료수 이벤트도 있음 좋겠다라는 생각이 들었어요
스테이크 한번 먹어볼까 했는데 이날 파스타가 더 땡겨서.. 나중에 그 지역 갈 일 있음 스테이크도 먹어보고 싶네요
고기나 새우 등 신선하니 맛있네요
ㅐ면도 괜찮고 음식은 다 좋았어요
근데 여자화장실 수돗꼭지가 좀 그러네요
손 씻으려니 수돗꼭지가 움직인다..? 빠질 거 같이 심하게 움직이니 손 씻을 때 괜히 망가질까바 조심히 쓴 기억이 수돗꼭지만 바꾸셔도 조을 거 같아요
화장실 휴지도 많이 구비 되어있고 여성용품도 카운터 가면 주시는 거 같고 주차장은 2/3대 받칠 수 있다네요",right_only
라체나1907,혜쌀모니19,분위기 좋고 맛있습니당!! 다음에 또 갈 거에요 ㅎㅎ,right_only
라체나1907,제니1160,"맛있고
맵기조절되서
애랑 자주 가는곳이예요",right_only
라체나1907,앨리스9156,"아들 생일 기념....  두번째 방문. 
3인세트에 스테이크 양 추가. 
스프 추가. 
배불게 맛있게 먹고 왔어요....
미리  예약해서....  좀  좋은 자리 주시나 했는데... 그게 아니라 살짝 아쉬웠지만...
맛있어서...  괜츈해요~~~~",right_only
라체나1907,잉쪽이,너무 맛있어요ㅎㅎ 양도많고 분위기도 너무좋았습니당,right_only
라체나1907,쥐기덮밥,포장주문해서 집에서 먹었습니다 특별한 한끼였어요^^,right_only
라체나1907,레알감자,동네 근처에 이런 맛집이!!! 너무 맛있게 잘 먹구가요 자주 올게요~ㅎㅎㅎ,right_only
라체나1907,유우카,빠네 청량파스타랑 머쉬룸트러플 파스타  너무너무  맛있어여~ 트러플 파스타는  면을  다 먹고나면 밥을  볶아줘여~~  ,right_only
라체나1907,아르미4032,처음 방문했는데 맛있어요 셋트메뉴 가성비도 좋구요~,right_only
라체나1907,다섯분,"지나가다 들렀는데 깜짝 놀랬습니다.

청양크림파스타는 개인적으로 좋아하는 얇은 파스타 면입니다. 안그래도 맛있는 소스를인데, 소스 듬뿍 머금은 파스타 한입이면 그냥 끝나는겁니다.

쉬림프비스크리조또는 해산물이 풍성함에도 전혀 비리지 않고 담백매콤 다 잡았습니다.",right_only
라체나1907,umg****,직장동료들과 갔는데 음식도 맛있고 분위기도 좋아서 좋은 시간 보냈네요.,right_only
라체나1907,123416,특별한날 가기 너무 좋을거같았어요 석계역근처에서 데이트하거나 소개팅할때도 참 좋을거같더라구요 ㅎㅎ,right_only
라체나1907,pop****,"오랜만에 다녀왔어요.
개인적으로 여긴
청양크림파스타가 맛있어요.",right_only
라체나1907,배려4512,ㅎㅎ,right_only
라체나1907,뒤버,"샐러드👍
빵은 생각보다 풍미가 없어어 아쉬웠네요!
빠네 먹고싶어서 갔는데
청량 생각보다 안맵그
스테이크는 쏘쏘!
테이블, 주차구역 적으니 예약필수에요.",right_only
라체나1907,팜볼트,석관동에서 귀한 파스타 맛집 💓,right_only
라체나1907,어린잎녹차,"파스타 먹었는데 시킨 메뉴 모두 넘 맛있게 먹었어요~ 면이 퍼지지 않고 꼬들하게 잘 삶아졌고, 소스도 자작해서 맛있게 먹었네요.",right_only
라체나1907,lkassam,"리조또, 파스타, 샐러드 모두 맛있습니다. 
가격도 크게 비싸지 않아 평소보다 분위기 있고 맛있게 먹고 싶을 때, 동료들과 맛있는 수다를 떨고 싶을 때 종종 찾습니다. ^^",right_only
라체나1907,Ham53,"대박 겁나 맛있어요!!!!
진짜 여태 먹는 양식집중에 최고인것 같아요
특히 예랑이가 진짜 맛있게 먹었어요",right_only
라체나1907,그게2, 맛있었어요~! ,right_only
라체나1907,경산3795,지인들과 오랫만에 만나 맛있게 먹고 편하게 담소 나누다 왔습니다. 자리가 묘하게 분리된 느낌이라 대화하기도 좋았고 아늑하네요. ,right_only
라체나1907,맛다시맛다시다,"명란오일파스타에 화이트와인 한잔을 곁들여 혼밥 했습니다. 정말 맛있어용!! 남은 소스는 마늘바게트랑 냠냠!
사장님께서 손이 정말 빠르셔서, 신속하게 서빙해주십니다. 최고!",right_only
라체나1907,레알감자,넘 맛있게 잘 먹었어용 벌써 3번째! 또 올게유,right_only
라체나1907,꿀봉이77,"지인소개로 맛있어서 여러번 갔었는데요, 어제는 첫방문하는 지인과 방문했습니다. 이상하게 전체적으로 이전처럼 맛있지가 않았어요. 이건 제 개인적 느낌일수있지만,
좋지않은 인상의 시작은 처음으로 인당 3천원 추가해서 주문한 양송이 수프였습니다. 양송이 향 하나없는 시판용 수프에 양송이버섯을 아주 다지듯이 잘라서 몇개보이게 넣어놓은듯한, 추가한 금액이 아까울 정도라고 순화한게 이정도 표현이지 싶습니다. 요리하시는 분께서 수프 맛을 보시고 손님에게 내놓으신건지 의문스럽구요.. 이렇게 파실거면 수프는 안파시는게..",right_only
라체나1907,soo****,"3시간반을 수다 떨며 맛있게 먹었어요..
",right_only
라체나1907,레오엄마00,"대파 파스타 포장으로 첨 먹어봤는데,
개인적으로 청양 크림이 더 맛나요😸
가게에서 데이트하러 가야겟어요.
분위기 좋습니다 ♥️",right_only
라체나1907,Pine26,"조명이 어두워요. 글씨 읽을때 눈에 힘이 들어가서 분위기가 아니라 그냥 위기에요.

점원분 향수인지 전자담배인지도 너무 진해요.. 

크림스프는 크루통맛만 나요. 루에 가까워요. 후추는 요청하니 주셨어요.

파스타는 면이 스파게티니라 소스와 먹기 힘들어요. 집게도 불편해요. 이게 오일파스타인줄 아시나봐요:)

미트 소스는 간 돼지고기가 상태가 영 그렇고, 가지 한개 정도 쓰는 거 같아요. 청양크림 소스는 청양고추가 아니라 베트남 고추가 잔뜩 들어있는데다 크림이 텁텁하고 느끼해요. 상대적으로 미트소스가 나아요. 재룟값 절약을 잘 하시네요 👍

스테이크는 소금을 너무 많이 뿌렸어요. 가니시도 무척 짜요. 요즘 오염수 방류로 소금값이 올랐는데, 혹시 나트륨이 부족할까 걱정되셨나봐요.😂

전반적으로 맛없습니다",right_only
라체나1907,쪄미니,"음식 나오자마자 정신없이 흡입했습니다
정말 감동적인 맛!!",right_only
라체나1907,풀이다82,지난번 첫 방문 후 괜찮았던 기억에 생일날 또 방문했습니다. 메뉴들 맵기 조절이 되어 아이들도 잘 먹고 기분좋은 식사였어요~,right_only
라체나1907,신아영28,"동네 이사온지 한달이 안되서 맛집 찾아보다가 우연히 가게 되었는데 너무 맛있더라고요~
양식 좋아하는 엄마 모시고 재방문 예정입니다!^^",right_only
라체나1907,병설교사,샐러드랑 파스타 다 맛있어요~~ 청량 크림 파스타가 느끼하지도 않고 딱 이네요!,right_only
라체나1907,풀이다82,"집에서 가까운 곳이라 방문했는데 음식 맛, 양, 서비스 모든게 다 좋았습니다. 조만간 파스타 좋아하시는 부모님 모시고 다시 방문 예정입니다.",right_only
라체나1907,날꼬59,"오랜만에 방문했는데 역시나 맛있네요,, 치킨 리조또 처음 시켜봤는데 요것도 굿!!",right_only
라체나1907,havegoodg,"15분만에 포장, 맛나고 푸짐해요
샐러드도 맛났어요~",right_only
라체나1907,ArielSwiftie,"청양크림파스타 진짜 찐 베스트 메뉴입니다!! 마늘빵 주문해서 남은 소스 찍어먹었는데 꿀맛이에요~ 리조또는 여기서 두 가지 메뉴 먹어봤는데, 파스타가 압도적으로 맛있네용",right_only
라체나1907,85vhhdy,맛있게 잘 먹고 왔습니다. 담에 또 갈께요.,right_only
라체나1907,cuck94,양도 많고 가격도 적당합니다,right_only
라체나1907,하아뜨,분위기 좋은 레스토랑입니다~ 음식도 다 맛있어요!,right_only
라체나1907,바다와 러브레터,아늑한 분위기에 지인들과 즐거운 시간 보내다왔어요. 음식도 깔끔하고 맛있었어요.,right_only
라체나1907,바람개비6,청양크림파스타 사진을 못찍었네요~넘흐 맛있게 잘 먹었어요~ㅎㅎ느끼한데 매콤 ㅎㅎㅎ잘먹었습니다~,right_only
라체나1907,플로렌tia,"단체모임하기 좋아요, 메뉴도 다양하고 맛있고~직원분들도 다 친절하시고 석관동에 이런곳이 있다는데 아직도 믿기질 않음..",right_only
라체나1907,hz****,첫벙문때 만족하고 가족모임으로 방문했는데 넘나 맛있었어요 재료도 푸짐하고 가성비 짱입니다,right_only
라체나1907,맛있어죽어,"진짜 진짜 찐 맛집~~~
청양크림파스타 미침 
여자 다섯이 엄척 하며 달려들음
배불러~~~  ^^
",right_only
라체나1907,키커캣,"음식 하나같이 다 맛있어요!

스테이크는 육즙팡팡에 부드럽고

파스타는 눅진하고 깊은맛으로 양도 푸짐해서 가성비 좋아요
매장 내부는 차분한 분위기라 모임하기에도 좋고
데이트장소로도 완전 찰떡!!",right_only
라체나1907,cuck94,맛있어서 재방문합니다,right_only
라체나1907,토끼8560,"음식 맛도 맛있고 양도 많아요.
직원분들 바쁜데도 친절하게 응대해주셨어요.
또 갈게요
",right_only
라체나1907,위니위니56,"와~~ 왜 이제 알았을까요?
이미 들어가자마자
분우기부터가 맛집!
청량크림 파스타 정말 꼭 먹어야해요
가격도 착하고
진짜 너무 맛있네요
한번 가고 안갈사람 없을듯요!
나만 알고싶은곳이네요",right_only
라체나1907,hib****,"친구와 청첩장 모임 장소로 2인 세트 먹었어요~! 파스타,스테이크 다 맛있었어요 하우스와인도 좋았어용 ㅎㅎ 재방문의사 100%입니다!! ",right_only
라체나1907,bjl****,오랫만에 찾았었는데스피게티랑 샐러드 맛있었어요,right_only
라체나1907,다잘될거야50,"아이 생일 기념으로 찾았어요
우리동네에 이런 맛있고 괜찮은 곳이 있는지 이제야 알았네요
자주이용할것 같아요💕",right_only
라체나1907,미징이,"아이가 여기 파스타가 먹고싶다고 노래를 불러서 갔어요.
파스타 싫어하는 우리아들 이집 파스타는 진짜 잘먹어요! 어느때처럼 맛있고 양 푸짐했어요~ 가성비 좋은 제대로된 파스타집이 있어서 오늘도 행복했습니다♡
평일엔 런치세트도 있어서 더욱 저렴하고 저녁에는 맥주도 곁들일 수 있어서 좋아요. 와인도 많구 한잔씩도 메뉴에있어서 굿이랍니다~~",right_only
라체나1907,맛있어죽어,"청양크림파스타 이건 무조건 드셔야함
석계역 파스타 최고의 맛집. 
이걸. 왜 이제 알았냐규~~~~!!!!?!!?!
피클도 수제인듯
맥주도 맛있고
몰라~~~잉 
그냥 존맛탱탱탱",right_only
라체나1907,ahn****,"파스타,스테이크 맛있어요",right_only
라체나1907,쩝쩝박사연습생,배달로 시켜먹어도 맛있습니다~,right_only
라체나1907,오야수미마셍,"크리스마스에 다행히 예약해서 갈수있었어요
맛있게 잘 먹고 왔습니다~",right_only
라체나1907,joo****,"저번에 자리가 없어서 못먹었는데, 닞에
예약방문해서 먹었어요. 맛있게 잘 먹었습니다👍",right_only
라체나1907,아자544,자주가는 음식점,right_only
라체나1907,바바라73,"메뉴 리뉴얼되고 더 맛있어졌어요~
연속 2주 방문했네뇨~ㅋ
담에 또 올깨요~",right_only
라체나1907,여니8756,청량크림파스타 정말 맛있어요. 양도 많고 맛도 좋아요,right_only
라체나1907,쪄미니,"정말 맛있어요! 정말 가격대비 높은 퀄리티!!!
인생 양식집 3번째 안에 듭니다
먹어본 사람은 계속 올꺼라고 확신합니다
성북구 사신다면 꼭 방문해보세요
내돈내산 입니다!!",right_only
라체나1907,내사랑에이스,가족모임이라 가까운곳을 찾다 예약했는데 기대이상으로 음식 다 맛있고 재료 신선하고 양도 많고 직원분도 친절하시고 가족들 모두 만족스럽게 식사를 마쳤어요 재방문의사200%입니다. 다 맛있었지만 특히 레드와인스테이크 강추 입니다!!!,right_only
라체나1907,쪄미니,너무 맛있어요! 엄마 친구분들 모임 하셨는데 다들 맛에 놀랐어요 ㅎㅎ,right_only
라체나1907,맛있어죽어,"진짜 찐 맛집
한번 먹고 반해서 재방문
고기는 무조건 미듐시키시면 부드럽게 잘드실꺼예요
",right_only
라체나1907,aa****,맛있게먹었어요 파스타가 시그니처라고해서먹어봤는데 맛났어요~,right_only
라체나1907,엘소올,"맵찔이들은 맵기 조절 해달라고 해야할듯.
처음에 아무 말씀 없어서 몰랐는데, 몇번 와본 손님들은 자연스럽게 맵기조절 요청하심.
맛도 있고 양도 아쉽지 않았음",right_only
라체나1907,마인플,양도 많고 가성비 좋은 파스타집 애정하렵니다. ,right_only
라체나1907,우연387,분워기가 아늑하고 음식이 맛있어요.,right_only
라체나1907,연엔우,잘 먹었습니다,right_only
라체나1907,홀빈,아이가좋아해서 자주가요..양도 많고 맛있어요.빠네 크림파스타는 매번시키는 메뉴에요^^,right_only
라체나1907,내사랑에이스,화요일에 지인과 방문하고 오늘 까지 이번주만 두번 갈 정도로 맛있어요^^ ,right_only
라체나1907,금딸기56,일단 음식이 맛있고. 저녁 모임으로 만났는데 맥주한잔하면서 조용히 맛있게 잘 먹고 왔고 6명 모두 만족해 해서 장소 추천한 제가 많이 뿌듯 했어요~번창 하세요~^^,right_only
라체나1907,드리미51,"늘 아주 맛있게 잘먹는집이예요.

",right_only
라체나1907,도로빵,진짜 맛있어요!!! 맵기를 선택할 수 있어서 넘 좋았습니당🫶🏻,right_only
라체나1907,mrb****,"맛있게 잘 먹었어요!
석계역에 이런곳이 있네요👍
하우스와인 맛있었고, 메뉴들도 다 맛있었어요!
재방문 의사 100%",right_only
라체나1907,봄을그리다18,"사진은 찍지못했는데, 맛있었어요 토마토파스타에스테이크 양송이스프 뇨끼먹었는데 음식이 다 자극적이지도않고 넘 맛있게먹었어요^^  고급진 느낌이었어요 뇨끼는 청양고추가 들어가서 끝맛이 매운맛이있더라구요.. 전반적으로 맛있게잘먹었고 재방문의사있습니다~",right_only
라체나1907,yeong1120,"먹어보고 맛있어서 언니와 다시찾은 라헤나1907!
맛있고 대화하기 좋아요^^~",right_only
라체나1907,SHIN252,"장소가 그리 크진 않지만 음식은 꽤 괜찮아요.
가격도 합리적이나 주차가 좀 어렵네요",right_only
라체나1907,믿고보는신강사,아니.. 아 이사가기 한달 앞두고 이렇게 저렴하고 대존맛 양많고 미친곳을 알게되었는데 이거 행운인가요 불행인가요 ㅜㅜㅠㅠㅜㅜ엉엉엉 정말 행복한 한끼였습니다,right_only
라체나1907,p5879,"맛있고 가성비 좋아서 가끔 가는곳 
주차하기 힘든거 말고는 괜찮아요~  ",right_only
라체나1907,아자544,친한언니들과 찹찹 즐겁게 먹었네요,right_only
라체나1907,lha****,"라체나에서  시그니처같은 청양빠네파스타랑  애기먹을수있는 토마토 파스타를 항상 같이 시키는데 둘다 너무 맛있어요~!
애기식기랑 의자도 잘챙겨주시고 사장님 서비스도 좋으세요^^
식기도 예쁘고 화장실도 깨끗해서  데이트하러 오시는분들도 좋을것 같아요~ 저도 한달에 한두번은 꼭 오는곳인데 올때마다 예약해야할만큼 자리가 항상 만석이네요^^ 석계역에서는 이미 맛집으로 유명한가봐요~ 다음엔  런치세트도 먹어보고싶네요",right_only
라체나1907,꼬마천사40,살치살스테이크 맛있습니다 집에서 구워먹는게 더 쌀거라생각했는데 그 반대네요 그냥고기먹고싶을땐 여기서먹을려고요,right_only
라체나1907,앨리송50,논알콜 맥주 있어서 좋아요ㅎㅎㅎ 음식은 늘 그렇듯 맛있습니다. 동네맛집 최고!,right_only
라체나1907,에덞,전체적인 간이 세지 않아서 맛있게 잘 먹고 왔습니다. 분위기가 좋아서 데이트나 소개팅하러 오셔도 좋을 듯 해요. 매장이 조금 협소하긴 하지만 조용한 편이라 이야기 나누는 데 문제 없었습니다😊,right_only
라체나1907,꽃을닮은,"3인세트에 고기100g추가해서 배터지게 먹었습니다!
가성비도 좋고 매콤한 파스타들이여서
느끼하지않게 맛있게 먹었습니다
모임하기좋은 조용한곳이라 좋았어요
벌써 세번째방문인데 자주갈게요ㅎㅎ",right_only
라체나1907,kel****,"너무 친절하시고 맛도 정말 맛있었어요
생일이었는데 따로 케이크 먹을 접시도 주시고 정말 친절하세요 또 올거에요❤️",right_only
라체나1907,havegoodg,"초등 아이들 입맛에도 똭 좋아요(로제 안맵게)
면이 쫄깃, 감바스와 빵/추가면 넘 가성비 좋았고 맛났어요",right_only
라체나1907,hop****,"음식 맛있고 분위기 좋아요

그런데 서빙 직원 불친절해요
사직 찍어 달라고 요청하니 싫은티 내고 한숨쉬고 좀 있다 찍어 준다고 하고 선 안찍어 주셨어요
서빙직원 교육 필요합니다
손님 입장에선 민망하고 불쾌해요",right_only
라체나1907,Claricee,"직장 동료들과 점심시간에 방문했어요.
음식도 맛있고 분위기도 좋았습니다.",right_only
라체나1907,내사랑에이스,"두번째 방문이에요
3주전쯤 방문하고 생각나서 또 갔어요~~
이번에도 만족스러웠던 식사였어요!!!",right_only
라체나1907,dona4811,"청양크림파스타가 특히 너무 맛잇어요ㅠㅠ
자주 갈 예정입니당ㅎㅎ
또갈게요",right_only
라체나1907,에이구30,"후기가  좋아서 방문했는데요
웨 좋은지 알겠어요 
3인셋트 메뉴에 파스타하나만 리조또로 바꿨는데요
전체적으로 다 맛있었어요 
요 파스타는 무조건 강추입니다. 
청양청양해서 느끼함이 없네요^^ ",right_only
라체나1907,모니2472,정말 맛있어요😋 데이트 잘하고 갑니당😍,right_only
라체나1907,두니안,맛있어요 가성비도 좋구요. ,right_only
라체나1907,아즈키28,청양 크림파스타 너무맛있어요 파스타 생각날땐 항상 라체나로 옵니다,right_only
라체나1907,Meal99,세 번째 방문이에요 ㅎㅎㅎ 맛있어요!!!,right_only
라체나1907,스펀지밥1644,"정말 너무 맛있어서 이주만에 재방문했어요ㅎㅎ
친절하고 음식도 맛있어요~~
",right_only
라체나1907,bunny5392,맛있네요 조용히 잘 먹고 왔어요,right_only
라체나1907,명화0415,"엄마 생신겸 파스타먹고싶다고 하셔서 갔었어요
세트로먹었는데 셍각보다 양도많고 잘나와서 좋았어요 엄마랑 저는 입이짧은편이라 남겼지만 맛있게 잘 먹었습니다! 소주 맥주도팔고있더라구요 분위기좋게 한잔하고싶을때가도 좋을것같아요",right_only
라체나1907,Pure52,아웃백 보다 훨씬 합리적인 가격에 맛은 최근 먹어본 곳 양식집 중 제일 맛있었어요^^ 기분좋게 먹고 갑니다 ㅎㅎ,right_only
라체나1907,친구사랑18,"우리동네에 이런 곳이 있었다니...!
생일날 맛있는거 먹어서 기분 좋았습니다
전체적으로 다 맛있고 양도 낭낭하고 분위기도 좋아요ㅠㅠ
딱 한가지 아쉬웠던 건 테이블 qr코드 찍어서 음식을 주문할 수 있었는데, 하이볼때문에 성인인증 했다가 렉걸려서 결국 직원분 불렀어요...ㅠㅠ 신기하다 하고 써보고싶었는데 아쉽..
사진보니까 다시 가고싶어요ㅠㅠ",right_only
라체나1907,나혼자상가,세트메뉴가 구성이 상당히 좋아서 메뉴 고르기가 편합니다. 또 매장이 아늑해서 분위기가 좋아요,right_only
라체나1907,91project,세트메뉴 먹었어요💛 청양크림파스타가 진짜 뒤집어지는 맛이에요!!!! 석계 파스타는 무적권 이 집으로 와야함ㅋㅋㅋㅋ,right_only
라체나1907,bjl****,스파게티 맛있어요,right_only
라체나1907,깔끔리아,"음식 완전 추천 맛있어요.
주방장사장님 솜씨가 짱입니다",right_only
라체나1907,janl22,"음식도 맛있고, 가격도 괜찮아요.",right_only
라체나1907,별아해,항상 맛있게 잘 먹고 있습니다~👍🏻👍🏻👍🏻,right_only
라체나1907,D sim,레드와인 스테이크와 매콤한 크림청양파스타 둘다 너무 맛있었어요! 맥주와 와인과도 잘어울릴 거에요. 동네에 이런 맛집 넘 환영입니다👍🏻,right_only
라체나1907,freshbans12,맛있어요,right_only
라체나1907,eun****,"데이트하기 좋은 장소에요. 분위기도 아늑하고, 무엇보다 모든 음식이 맛있었어요. 
청양 빠네 파스타는 특히 강추요! 직접 개발한 특제 소스라고 설명해주셨는데 정말 너무 맛있어요. 맵찔인데도 적당한 매콤함이라서 부담없이 먹기 좋았어요. 크림파스타인데 청양고추 때문인지 하나도 느끼하지 않아요. 같이 나온 빵에 소스 발라서 아주 싹싹 먹고 왔네요.ㅎㅎ 
그리고 스테이크도 굽기가 적당하게 나와서 너무 맛있어요. 부드럽게 잘 썰어지더라구요~ 소스에 캐슈넛이 같이 있어서 씹는 식감도 좋고 맛도 더 고소했어요. 사이드 루꼴라 샐러드도 신선하고, 발사믹소스도 맛았었어요.
오렌지에이드도 아주 상큼하니 음식이랑 잘 어울렸어요. 전체적으로 아주아주 만족스러운 식사였어요!",right_only
라체나1907,똘이의일상,"청첩장 주려고 찾은 곳인데 좋더라구요~
비싸긴한데 맛있더라구요!",right_only
라체나1907,이분희94,"청량파스타~ 먹고왔어요!
집근처라 종종 가는데 널리 알리려고~^^
리뷰 씁니다.

여기 스테이크도 맛있고, 크림파스타도 맛있고
( 맛있는거 귀신같이 아는 아이가 잘먹어요 )

지난번에는 명란오일파스타 먹어봤는데,
와우~ 저는 오일파스타는 생애 처음 먹어보거든요.
(크림파스타를 선호해서요~)
와~ 앞으로 질릴때까지 명란오일파스타  만 먹을것같아요!!",right_only
라체나1907,dsfs15,"청양크림파스타가 맛있어요!
로제는 진짜 비추요
스프에 들어간 빵은 오래되서 누졌어요
마늘 바게트 빵은 덜구웠는지 바삭하지 않아요ㅠ
이부분만 개선하면 또 가고 싶어요
",right_only
라체나1907,mcme2014,"항상 맛있고 친절해요

",right_only
라체나1907,혜쌀모니19,진짜진짜마시따 이 버섯치킨리조또는 꼭 드셔보세요 짱짱구리 마이쪄요,right_only
라체나1907,동동맘체리샴푸,"동생이랑 오랜만에 만나서 석계역 근처 맛집 찾아보다가 발견했는데
가게 외관부터 너무 예쁘고 가게 인테리어도 고풍스럽고 분위기 좋아서 마음에 들었어요
로제빠네파스타랑 머쉬룸 스테이크 세트로 주문했는데 둘다 너무 맛있네요
스테이크 익힘정도부터 간도 딱 좋고 머쉬룸 소스도 약간 매콤한 맛도 있어서 맛있게 먹었어요
로제빠네파스타 양도 푸짐하고 소스도 넉넉하게 주셔서 빵 찍어먹으니 넘 맛있고 전체적으로 만족스러운 식사였습니다 ^^
다음에 또 오고싶어요~",right_only
라체나1907,써니86434,"친구랑 둘이서 청양크림파스타랑 가지미트소스 파스에 하우스와인 한잔씩하면서 분위기 즐기다 왔습니다. 음식이 맛도 좋고 양도 많아 행복한 시간을 충분히 누리다 왔네요.
늘 손님이 많으니, 예약하고 가세요 ^^",right_only
라체나1907,우리가족17,음식이 깔끔하고 맛있네요.,right_only
라체나1907,bjl****,음식이 맛있어요^^,right_only
라체나1907,pet****,"남편생일날
둘이가서 엄청 먹고 왔네요
음식 다 맛있었어요",right_only
라체나1907,Meal99,자주 올 것 같아요 이런 동네에 이런 맛집이 있다니 ㅎㅎㅎ,right_only
라체나1907,아리송3878,처음때 먹고 맛있엇어서 재방문 했는데 양도 더 많아지고 역시나 맛있게 먹었습니다 남편이 더더 만족 마늘빵에 파스타 소스 찍어먹으니 더 맛있네요 ,right_only
라체나1907,조아조아0624,"늘가는 단골집!!!
신메뉴  가지미트  맛있어요ㅜㅜ",right_only
라체나1907,아자544,분위기도 넘 좋고 양도 많고 맛도 좋아요 강추,right_only
라체나1907,해말금40,조용한 분위기에 맛있게 잘먹고 왔어요^^,right_only
라체나1907,배고픈 헬밋,분위기가 좋고 파스타에 마지막에 밥을 비벼먹을수 있는 그런 독특한 맛이에요. 엔초비 맛이 특출나게 나는게 이니긴 한데.. 빵도 맛있었어요.,right_only
라체나1907,dona4811,"진짜 너무 맛있어서 또 다른 친구 데려왔어요!!!
ㅎㅎㅎㅎ
조만간 또 갈거에요!!!
제 최애 파스타집입니당
",right_only
라체나1907,aro****,이전에 친구랑 방문했다 맛있어서 남편이랑 재방문 했어요! 양도 푸짐하고 맛있습니다 🤤,right_only
라체나1907,BD재테크,맛있고 가성비도 좋아요.,right_only
라체나1907,연제아부지,"안내도 친절하게 잘 해주시고, 음식도 너무 맛있게 잘 먹었어요ㅎㅎㅎ 부모님 모시고 가족 모임하는데 넘 좋았습니다 담에는 와이프랑 데이트하러 가려구용🫶🫶",right_only
라체나1907,꽈당곰돌이15,배달로만 먹어봤었는데 직접 가서 먹는게 훨씬 더 맛있어요! 시켰던 메뉴 다 맛있었고 인테리어도 아늑하고 좋습니다.,right_only
라체나1907,호랭잇,맛있어요오 ,right_only
라체나1907,사과냥냠,양이 진짜 많아요!! 자몽에이드랑 씨푸드 라이스가 맛있었어요~직원분들도 엄청 친절하세요👍,right_only
라체나1907,lio****,맛있게 잘먹고왔습니다,right_only
라체나1907,planetarium73,항상 올 때마다 같은 메뉴를 먹게 되는데 먹을 때마다 맛있어요 ㅎㅎ 특히 카프레제 샐러드.... 너무 맛있어요!! 다음엔 다른 메뉴도 먹어봐야겠어요~!!,right_only
라체나1907,이분희94,"휴가 끝나고 집에 가는길. 맛있는 청양스파게티가 먹고싶어서요~
매운거 못?먹는 아이도 매콤한것 생각난다며 덜맵게 부탁드려서 먹었습니다.아이는 한그릇뚝딱!
스프도 맛납니다.",right_only
라체나1907,LatteLover,"친구집 근처에 맛있는 양식집이 있다고 해서 왔는데 분위기도 좋고 음식 플레이팅도 예쁘게 잘 나와서 기분 좋더라구요😆 직원분도 친절하시고, 음식도 맛있었어요!  청양빠네파스타는 생각보다 맵지 않아서, 맵찔이 친구도 잘 먹더라구요ㅋㅋㅋ 분위기도 좋고 맛있어서 석계역 맛집으로 추천 👍🏻👍🏻",right_only
라체나1907,아즈키28,"우리동네 믿고먹는 파스타 집이에요.
갈때마다 청양크림파스타 먹는데 너무맛있어요",right_only
라체나1907,조아조아0624,"가지미트 맛있어요ㅜㅜ
치아바타와 양송이 스프도 착한가격에  너무 맛있고  좋아요♡♡♡",right_only
라체나1907,cute5411,"아이들 데리고 정말 맛있게 먹고 갑니다
늘 친철한 서비스와 맛!!
",right_only
라체나1907,빛날영2,"청양파스타 맛있었어요. 느끼할 수 있는 크림에
청양이 들어가니 맛있었습키다. 고기에 소금을 많이 뿌리신 거 같아여. 싱거운 걸 좋아하는 편이라 다음에 갈 때는 미리 말씀 드려야겠어요. 잘 먹었습니다!",right_only
라체나1907,Kimni,"분위기도 좋고 음식도 맛있었어요! 
빠네랑 뇨끼스튜 잘 먹었습니다👍🏻",right_only
라체나1907,단감이네,친절하다. 파스타와 스테이크 전부 알차고 맛있다. 생맥주잔이 깨끗하게 세척되어 나와 더할 수 없이 좋았다. 내가 일행을 데리고 갔던건데 떳떳하게 계산하고 나올 수 있었다.,right_only
라체나1907,흥부자45,항상 친절하시고 맛있어요!,right_only
라체나1907,조아조아0624,"우리동네  맛집!!!
특성에 맞게  맵기조절 가능해서 좋아요.
  치아바타빵  맛있어요.
파스타.리조또 말이 필요없줘^^",right_only
라체나1907,달밤에춤,"석계역맛집이죠. 저는 오랫만에 재방문했는데요. 재방문해도 역시나 변함없는 맛집이예요. 배달, 포장, 홀 모두 가능하구요. 인기많은 곳이라 연인, 친구, 가족들의 외식장소로 각광받고 있어요. 소스부터 요리까지 모두 수제로 바로 만들어주는 맛있는 음식! 좋아요.
-이 글은 서비스를 제공받아 자유롭게 작성하였습니다-",right_only
라체나1907,앨리송50,"언제 가도 맛나요! 제가 술을 먹으면 안돼서 무알콜생맥 시켰는데 기대 이상이었습니다. 아끼는 친구들, 제자들 밥 사줄 때 갑니다😄 담엔 쉬림프비스크 리조또에 혼맥하러 갈게요!",right_only
라체나1907,dona4811,"요 근래 가본 파스타 집 중에 제일 맛있었어요!!
조만간 또 가려고 예약했습니다ㅎㅎ
",right_only
라체나1907,별아해,"3인세트메뉴로 맛있게 잘 먹었습니다~~^^ 
빠네청양마요파스타가 제일 맛있었어요~!!",right_only
라체나1907,슉슉65,생일이어서 가족들과 같이 갔는데 음식이 골고루 다 맛있어요. 직원분이 친절해요.,right_only
라체나1907,귀찮은거아,버터대파새우오일파스타랑 청양크림파스타 카프레제샐러드 시켜서 먹었어요~ 간은 슴슴하니 세지 않아서 개인적으로 좋았습니다! 청양크림파스타에 들어가는 고기는 불고기용 이라 조금 달달한 맛이 있으니 참고하세요~ 여기 있는 메뉴 하나씩 먹으러 갈게요~~,right_only
라체나1907,다온이75,둘이서 데이트 하며 담소 나누기 정말 좋은 곳이라고 생각합니다!! 쟈방문 의사 있어요!!,right_only
라체나1907,키씽핑크,"석계역 인근에 볼일이 있어 갔다가 점심시간이 되어 맛집 검색하고 찾은 라체나1907 혹여 자리 없을까 네이버 예약까지 하고 방문했어요. 후기 가장 좋은 2개 메뉴 먹었는데 ㅜㅜ 진심 너무나 맛있게 잘 먹고 왔답니다~ 양도 푸짐하여 위가 좀 버거웠지만 이 맛있는 걸 남기면 셰프님에 대한 예의가 아닌 듯하여 다 먹고 ㅎㅎ 왔다죠!
명란 오일 파스타도 너무 맛있었지만 저도 엄마도 슈림프 비스크 리조에 한 표 더~~~!!!
또 인근 가게 되면 스테이크와 다른 파스타도 맛보기 위해 꼭 방문해야겠어요. ",right_only
라체나1907,Junexxo,"미쳤어요,,, 언니가 너무 맛있다고 해서 간건데 진짜 폭풍 흡입했어요 다음에 또 갈 의향 100% ",right_only
라체나1907,셔니이잉,"두번째 방문입니다.! 
급 땡겼던 스테이크먹으러 왔는데 
역시.. 말이 필요없는 청양크림파스타 넘 맛있었고,
처음 먹어본 리조또도.....너무너무 맛있었어요ㅠㅠㅠ
너무 맛잇어서 매주 오고 싶을정도 입니다😭
짐빔 하이볼도 조았어요 ㅎㅎ
갈때마다 좋은 음식 해주셔서  감사합니다🧡",right_only
라체나1907,황지혜7,"5만원에 4명이 배불리 먹는 이탈리안 음식점 정말 귀합니다👍👍👍 게다가 모든 메뉴가 맛도 있어요!
매장이 깨끗하고 조용해서 부모님 모시고 오기도 좋아요.",right_only
라체나1907,내일은상한가가자,맛있는 음식먹으면서 힐링하기 좋은 곳입니다,right_only
라체나1907,lum****,"석계역 근처에서 양식 먹으려고 하면 항상 떠오르는 곳입니다! 매장 분위기도 마음에 쏙 들지만 음식들의 맛은 더더욱 마음에 드는 곳으로, 메뉴 중에서는 청양크림파스타 강추드립니다👍 갈 때마다 항상 시키는 메뉴로 꾸덕한 크림+알싸한 고추 맛이 물리지 않고 계속 먹게 되는 맛입니다ㅎㅎ ",right_only
라체나1907,하코냥,"남편이랑 점심 외식하려고 방문했어요~~ 
친절하시고 음식도 맛있어요~!!^^
청양크림 파스타 엄지척입니다!!!",right_only
라체나1907,choliebe3,석계역주변으로 가성비맛집으로 아이와 함께해도 좋고 모임장소으로도 좋습니다,right_only
라체나1907,콩이랑1075,"임신하고 오랜만에 친정와서
들렀어요 ㅎㅎ 완전 맛있어요",right_only
라체나1907,그리고14,"분위기도 편안해서 좋았고,
음식이 맛있어서 더 좋았습니다.",right_only
라체나1907,다롱8478,잘먹었습니다~❣️,right_only
라체나1907,juh****,"토마토 파스타, 머쉬룸 파스타 먹었습니다. 만족 하였고 밥까지 비벼서먹으니 맛있어서 만족했습니다.",right_only
라체나1907,rka****,굿,right_only
라체나1907,다롱8478,맛있어요^^ 아이의 최애 파스타집!,right_only
라체나1907,jadoo1224,청양크림파스타 맛있어요,right_only
라체나1907,네크로맨서38,청양크림파스타가 유명하던데 정날 맛있네요..점심 세트 이용하시면 스테이크와 함께 먹을 수 있어요. ,right_only
라체나1907,bjl****,친구 생일 특별한 음식  맛나게 먹고 왔어요,right_only
라체나1907,Sjsjsjs90901,사장님이 친절하시고 특히 와인 종류가 많으며 페로니 생맥주가 좋습니다!,right_only
라체나1907,bjl****,가까운 곳에 이런 멋진 맛집이 있었다니~~생일 축하 모임 즐겁게 보내고 왔어요^^,right_only
라체나1907,hyakin,"모임 할때  먹기 좋아요
",right_only
라체나1907,tio****,언제나 맛있어요~,right_only
라체나1907,wogns31996,맛있어요! 담에는 스테이크도 한번 먹어보려구요 ,right_only
라체나1907,아즈키28,"성북구 최고의 파스타집같아요.
일단 음식이맛있고 인테리어도 좋아서 가족끼리 모임하기좋네요",right_only
라체나1907,q1w2e3,양많고요 맛좋아요,right_only
라체나1907,ksy****,"사장님께서도 너무 친절하시고 음식도 너무너무 맛있어요!!(거짓말 안 치고 이때까지 먹어본 파스타에서 손 꼽을 정도로 맛있었어요) 다른 파스타 집은 파스타를 이 가격에 잘 팔지도 않고, 팔더라도 양이 많지 않은데 여긴 양도 많고 좋았어요!! 그리고 가게도 이뻐서 있는 동안 기분도 좋아졌어요!! 석계역에 이런 곳이 있다니 놀랍고 다음엔 가족들과 오고 싶네요!",right_only
라체나1907,감사만족행복,맛있네요^^,right_only
라체나1907,gkw****,2명이서 예약 해서 잘 다녀왔고 매장 인테리어 이쁘고 음식 맛있습니다. ,right_only
라체나1907,베리페리38,석계역에 이렇게 예쁜 레스토랑이 있는 줄 몰랄어요! 분위기도 좋고 스테이크도 부드럽고 파스타도 너무 맛있어서 즐거운 데이트 하고 왔어요☺️ 저녁에 가면 분위기 있을 것 같아서 다음엔 저녁 식사를 하러 갈게요 ❤️,right_only
라체나1907,dona4811,"맛있구 저렴하구 좋아요!
조만간 또 갈게요ㅎㅎ",right_only
라체나1907,은성맘89,"남성분들 여기 여친 꼭 데려가세요.ㅋ
특별한날가면 너무 좋을듯해요.
매장 입구부터 너무 예쁘게 
꾸며놓으셨더군요.
걸어들어갈때부터 기분이 UP!
직원분 아주 친절하고
내부도 층고가 높고 확트인 느낌
전체적으로 어둑어둑한 조명에
샹들리에가 돋보여서 더 예뻐요.
청양크림파스타 매콤하고 부드럽고
고소하고 딱이였어요.
대표메뉴인 이유가 있는듯~
부드러운 고기도 듬뿍 들어있던데요.
레드와인스테이크도 약간 새콤 매콤한
소스가 딱맛있고 스테이크는
진짜 살살녹아요.
청포도에이드 시켰는데 인위적인 맛이아닌
청포도 그대로의 맛에 
과육도 갈아넣은듯 
씹혀서 완젼 맛있었어요.
와인을 못마셔서 아쉽.ㅜㅜ
친구들이랑 연말에 꼭 가려구요^^",right_only
라체나1907,이월이18,기념일이라 왔는데 분위기도 좋고 인테리어도 너무 예쁜거 같아요 특히 접시가 예뻐서 음식도 더 맛있어 보이는 거 같아요♡,right_only
라체나1907,snowhee," 분위기도 좋고 너무맛있게잘먹었습니당 :)
무엇보다도 샹그리아와인이 너무맛있었어요!
",right_only
라체나1907,마성녀,"흠... 주방장이 바뀐건지.....

",right_only
라체나1907,bie****,여기 진짜 맛있어요!! 리뷰 잘 안쓰는데 만족해서 남깁니다,right_only
라체나1907,앗싸앗싸곤,맛있음 염염긋 ㅋㅋ 나중에는 와인도 먹을 거임 헤헷콩,right_only
라체나1907,오늘도반짝반짝lucete,공간이 넓지 않지만 맛있게 잘먹었어요^^,right_only
라체나1907,khe****,음식도 맛나고 조용히 대화하기 좋아요~,right_only
라체나1907,won****,음식 맛있고 친절하십니다. 파스타가 전체적으로 매콤해서 매운 맛 잘 못드시면 안맵게 해달라고 하면 그렇게 해주십니다. 밥 달라고해서 소스에 비벼먹으려다가 배불러서 참았는데 다음번에 한 번 도전해볼까 싶기도...ㅎㅎ 빵 시켜서 찍어드셔도 좋을거예요. ,right_only
라체나1907,내가맛있는집,"오오!
퇴근 시간이 늦어 급하게 맛집을 찾던 중
찾아버린 파스타 집이였네요.

여기 방문하고 다른 파스타 집을 가지 않게 될것 같아요.

다른 메뉴도 먹어보기 위해 또 방문하려고 해요",right_only
라체나1907,팡이453,양많고 맛있어요!,right_only
라체나1907,채보람0,"석계에서 가장 맛있는 파스타집
청양고추파스타는 정말 원픽입니다♡",right_only
라체나1907,rud1278,좋아요,right_only
라체나1907,mod****,"맛있고 양도 넉넉해요
인테리어도 분위기있어서
좋은날 오기 딱이네요",right_only
라체나1907,Ana Park,Surprisingly good. I like the interior. The staff is kind. The food is good. We ordered the 2인 set with red house wine. Will visit again!,right_only
라체나1907,찐찐아 짱,"동생과 오랜만의  둘만의  힐링을 위해  급하게  검색하고  예약한  라체나1907!!
분위기며  음식이며  다음에  또  가보고  싶은곳이네요^^",right_only
라체나1907,콩이랑1075,"오랜만에 왔어요
맛있게 잘 먹었습니다 😃",right_only
라체나1907,이앤지,런치셋트로 먹었는데 맛도좋고 매장인테리어도 멋져서 분위기 넘 좋았어요 동네에 이런 숨은 집이 있었다니! 앞으로 자주 방문할 것 같아요 짱~,right_only
라체나1907,emi****,"처음 도전하는 트러플 파스타였는데, 독특하고 맛있었습니다. 다음에는 다른 메뉴 먹어보고 싶습니다.",right_only
라체나1907,나름좋았던하루,난로가 곳곳에 배치되어있어 따뜻했고 아기자기한 인테리어도 좋았습니다. 파스타와 리조또 모두 맛있었습니다.,right_only
라체나1907,쥐똥8430,맛있어요.매장도 아담하고 가격대비 신선하고 양도 많고 친절하시고 너뮤 다 좋았어요,right_only
라체나1907,바다조아92,가성비 좋고 정말 맛있어요 ,right_only
라체나1907,8에스뗄라8,너무너무 맛있고 친절하고 양도 많고 ㅎ ㅋ역시 유명한이유가 있네요!!!:) 담에 또 갈게요 ㅎ,right_only
라체나1907,hyz****,"가끔 분위기 낼겸 가는곳 입니다
동네 이런집이 있어서 너무 좋아요~
맛있고 분위기 좋습니다~
가지파스타 신메뉴 넘나 맛있어요~",right_only
라체나1907,eur****,"네이버 pay로 예약,주문,결제 까지 편하네요
음식 맛나고 깔끔합니다.",right_only
라체나1907,비밀2447,좋아요,right_only
라체나1907,도은소윤맘97,"너무 맛있어서 여러번 갔는데
오늘 오랜만에 친구 만나서 갔어요 역시나 맛있네요 
또 갈게요 ㅎㅎ ",right_only
라체나1907,동동조련사,특별한 날 집근처에서 맛저했어요😎,right_only
라체나1907,la vie en rose598,"파스타의 느끼함을 잡아준 소고기 크림 파스타, 아주 맛있어요!",right_only
라체나1907,LG909423,"가성비최고 맛집입니다
가까운곳에 있으면 매일가고 싶은곳입니다",right_only
라체나1907,coflskfk,가지가 들어간 토마토소스 스파게티,right_only
라체나1907,sae****,4인 세트 메뉴 주문하여 음료/와인이랑 서빙되었는데요. 맛도 좋고 분위기도 좋았어요. 가격적인 부담도 덜해서 연말 모임에도 좋을 듯해요.,right_only
라체나1907,tta****,음식이 맛있고 분위기가 좋습니다,right_only
라체나1907,lkassam,"누군가와  정답고 맛있는 시간을 갖고 싶을 때 참 좋아요.
가정집 같은 따뜻한 가게 모습도  친철하고 인심 좋은 사장님도 좋지만,  
무엇보다 음식이 아주 맛있어요. ^^",right_only
라체나1907,우리가족17,"좋은 분위기, 좋은 음식, 좋은 맛.",right_only
라체나1907,gis7736,분위기 좋은 레스토랑 음식 맛있어요,right_only
라체나1907,아즈키28,파스타 퀄리티도 높고 무엇보다 맛있어서 파스타 먹고싶을땐 여기로 갑니다,right_only
라체나1907,뚜1092,모든 메뉴가 다 넘 맛있어요🫶🏻 배부르고 맛나게 잘 먹고 나왔습니당,right_only
라체나1907,원더맘79,"청양크림파스타와 로제파스타 다 맛있었어요!
고기가 부드럽고 소스도 진하고 양도 괜찮고, 분위기도 좋습니다. 집 가까이 이런 곳이 있어서 좋네요. 자주 애용해야 겠어요!",right_only
라체나1907,염자매모친,"너무너무 힐링되었어용.
동생이랑 간만에 완전 맛있는음식
먹을수 있어서 넘 좋았습니다.
여기는 또갈꺼예용.
연말모임때 이곳으로 강력추천 해보겠습니당
❤🤭💓🍀👍🙏",right_only
라체나1907,km****,좋아요 ,right_only
라체나1907,제이와이핑,"맛집발견~~ 스테이크도 맛있고 전체적으로 맛있고
친절함이 좋았답니다..",right_only
라체나1907,희망으로 가득찬,분위기도 좋고 맛있어요.,right_only
라체나1907,lan****,"항상 즐겨찾는 곳입니다! 가성비 분위기 맛 다 좋아요!
점심시간에 자리 없어서 못 들어간적도 있는 이 부근 인기 레스토랑입니다!",right_only
라체나1907,ayo****,청양크림파스타 진짜 존맛탱 강추!!! 친절하고 음식도 가성비 좋고 무엇보다 넘 맛있어용😆 재방문의사 완전있어요,right_only
라체나1907,조아조아0624,"언제나 맛집!!!!!
가격대비 너무 맛있어요♡",right_only
라체나1907,바다조아92,오늘도 여전히 맛있고 가성비 쩌네요 그런데 리조또랑 전체적으로 좀 많이 매움 조금만 덜 매우면 좋겠네요,right_only
라체나1907,tkfmdgo,"석계역에 이런 맛집이 있었다니~! 
명란올리브파스타 스테이크 진짜 맛있었어요:) 직원분도 친절하시구 분위기도 좋아서 데이트하기 딱 좋을거 같아요^^ 남편이랑 또 먹으러 올게요~! 
",right_only
라체나1907,ktyj1210,직원분들 친절하고 맛있어요!,right_only
라체나1907,planetarium73,전에 한번 가봤더니 괜찮아서 화이트데이 기념으로 신랑이랑 갔는데 신랑이 아주 만족스러워했어요! 잘 먹었습니다!,right_only
라체나1907,끼수니이,"파스타 종류 다 맛있어요! 
",right_only
라체나1907,Jeekk,가지미트파스타 마싯어여 진짜,right_only
라체나1907,aba****,맛집,right_only
라체나1907,깡maro,와인콜키지도 되고 음식도 맛있고 친구들이랑 모임하기 좋아요~,right_only
라체나1907,iam****,"샐러드, 파스타, 스테이크 다 맛있어요 ㅎㅎ ",right_only
라체나1907,dian47,청양크림파스타 넘 맛있어요!😋,right_only
라체나1907,쁘이v,청양 크림 파스타 소스가 적당하게 매콤하면서 고소해서 또 먹고싶은 매력이에요 스테이크도 원하시는 굽기로 구워주시고 다양한 채소들과 곁들여 나와 더욱 맛있게 먹었네요 분위기도 좋아 모임으로도 좋겠어요~,right_only
라체나1907,령쓰야,"만삭임산부 순산기념 단체예약이었는데, 아이 유무를 물어봐주시고 유아식기 및 좌석배치까지 신경 써 주셔서 감사했습니다. 매콤한 맛과 크림맛의 적절한 조화로움으로 주문한 메뉴 모두 맛있게 식사 했습니다~~ ",right_only
라체나1907,바다조아92,맛있고 가성비 좋아요 ,right_only
라체나1907,hihello20,늘 맛있습니다 너무좋아요! ,right_only
라체나1907,아즈키28,파스타가 너무 맛있었어요 우리동네 맛집이에요~!,right_only
무명칼국수,Sjh 송사브리나 행복한뇨자,"오랫만에 왔더니
더더 맛있네요
먹으려고 가면 
재료 소진 일때가 
많아 못간적이 
있었걸랑요~~ㅠ
오늘은 3시 넘어서 
가서그런지 ㅎ
바로 들어갌수 있었어요
쫀득힌 칼국수에 바로 담은
겉절이가 굿
비도오니 더 맛있네요~~^^
여기 다닌지는 어언  23년 정도~!!
맛있고 생각나는  집이에요~
석계역쪽에  지나기게 되시면
좝쏴보셔요~~^^
👍 
만두도 맛있어요~~^^♡",right_only
무명칼국수,완찌,"멀리서 찾아와서 먹을 맛은 아니고, 동네에 하나씩 있을 법한 괜춘한 칼국수 집이었어요 
가격도 착하고, 여러모로 나쁘지 않은 곳이었습니다!!",right_only
무명칼국수,chcoco38,맛있어요~,right_only
무명칼국수,sun****,맛있고 양도 맛고 가성비도 좋아 아들이랑 자주가서 먹습니다,right_only
무명칼국수,희망으로 가득찬,맛있어요.,right_only
무명칼국수,qwerty372,친절하시고 김치가 칼국수랑 찰떡입니다!,right_only
무명칼국수,박영일74,양도 많고 맛있어요,right_only
무명칼국수,아메리카노1149,늘 맛있게 잘 먹고 있습니다.,right_only
무명칼국수,어린책방,직접 반죽 만드는 걸 볼 수 있어요,right_only
무명칼국수,스캇9350,칼국수가 매장에서 직접 만드는 거라 그런지 꼬들꼬들하고 정말 맛있습니다,right_only
무명칼국수,성연엄마,ㅇㅇ,right_only
무명칼국수,상냥한니킥,무명칼국수 닭칼국수 굿굿 블로그 니야호,right_only
무명칼국수,jmi****,"유일한 동네맛집 ㅜㅜ자신잇게소개가능!!!
비오는날 무조건 여기서 칼국수먹는게 국룰임 ",right_only
무명칼국수,id****,좋아요,right_only
무명칼국수,Yzzzz,국물 너무 진하고 양도 많네요! 굿굿,right_only
무명칼국수,alt****,주차는 근처 공영에.하는게 편함 콩국수 시킬.땐 닭칼이나 해물 한가지만 된다고 함,right_only
무명칼국수,vinine00127,면이 쫄깃하고 맛있어요~ 김치도 칼국수랑 먹기 참 좋아요~ 만두도 얇은 피에 내용물이 잘 보이죠^^ 음식들이 참 깨끗한 맛이라 좋아요,right_only
무명칼국수,lub****,굿,right_only
무명칼국수,17년차설계사 송애란,칼국수가 정말 맛있어요.,right_only
무명칼국수,리비도 센,가격이 저렴한데 칼국수맛도 넘 좋고 김치맛도 훌륭하고 혼밥하기도 좋고 사장님도 친절해요 넘 좋아요,right_only
무명칼국수,hk1231537735,맛있어요,right_only
무명칼국수,메롱8475,면발이 도톰해서 맛있어요!,right_only
무명칼국수,꿈꾸는카라,"직접 손으로 반죽해서 칼로 써는 국수....
쫀득쫀득한 면발~~ 정말 맛있어요.
만두피도 앏고 맛있는 만두도 꼭 시켜야.....",right_only
무명칼국수,do****,굿굿,right_only
무명칼국수,Goo93,양 많은 동네 칼국수집,right_only
무명칼국수,마법사3,"유튜브 보고 그냥가본곳인데
정말맛있습니다.",right_only
무명칼국수,신게좋아,국물이 정말 맛있고 면도 수타라 좋아요!,right_only
무명칼국수,리뷰돌이96,맛잇습니다,right_only
무명칼국수,yo1049,"석계역에서 광운대 방향으로 가는길에~~~손으로 직접 반죽해서 만들어 맛있다고해서  아침 일찍부터 달려갔네요 늦게가면 재료소진으로 못먹고 돌아나와야 하거든요~~^^
일빠로 도착 쥔장 되시는 어머님이 나와서 준비 하시네요 들어가 자리를 잡고 앉아 조개 닭 칼국수 만두 주문했어요 온길에 다먹어보려구요 김치 엄청맛있어요 진한양념에 맵지않으면서 감칠맛이 입맛 돋구네요  칼국수 손으로 썰어 울퉁불퉁 쫄깃한 면발이네요 국물맛은 살짝 생각보다 덜시원하고 닭비린맛이살짝났어요~~ 만두 맛있네요 채썰어서 넣은 호박이 아주 시원한 맛을 내주네요 맛있게 잘먹었습니다 ",right_only
무명칼국수,디저트사랑해,"칼국수도 칼국수지만 만두가 너무 마음에 드는 곳.
면은 쫄깃하구요. 만두는 피가 얇아서 더 좋구요❤️
만두 만드는 과정을 볼 수 있어서 더더 좋습니다요:)",right_only
무명칼국수,인빠송,쫄깃하니좋아요.,right_only
무명칼국수,jju3209,비오는 날에 먹으니 더 맛났어요. 김치랑 국수랑 정말 잘 어울려요 담엔 만두 먹어볼래요,right_only
무명칼국수,최은희72,좋아요,right_only
무명칼국수,범블대디,좋아요^^,right_only
무명칼국수,0192607099,맛있어요,right_only
무명칼국수,스캇9350,여름한정 메뉴인 서리태 콩국수. 하루50그릇한정 오픈런 겟,right_only
무명칼국수,린다쪼꼬복서,"수타면발에 김치가예술
석계역 로즈아트홀 근처에요.
연극보기전후 먹기딱이네요

닭칼국수 먹었어요.그릇대짜",right_only
무명칼국수,가능동사람,면이 진짜 쫄깃쫄깃하구 맛있어요,right_only
무명칼국수,Hyoyoyo,지이인짜 맛있어요 ㅠㅠㅠ 해물 칼국수 백번 추천!,right_only
무명칼국수,상냥한니킥,"블로그 니야호
무명칼국수 만두 맛남
늘 건강하고 행복하기를 기도한다",right_only
무명칼국수,스캇9350,"해장하기 정말 좋은, 시원하고 깊은 맛",right_only
무명칼국수,초이스349,콩국수도 좋네요~~,right_only
무명칼국수,asqwe12319,좋아요,right_only
무명칼국수,치히로47,"칼국수도, 시즌한정판 콩국수도  정말  맛있습니다",right_only
무명칼국수,대박꾼,해물칼국수 국물 진짜 좋아요. 만두도 맛나요,right_only
무명칼국수,엥나아,"바지락 칼국수 장인집
면발 쫄깃하고 바지락 국물 시원시원
겉절이 김치는 어찌나 맛난지 세번 리필
만두는 소가 내 스타일은 아니었음
☆3.5",right_only
무명칼국수,루나이퍼,석계 무명칼국수는 언제나 옳다,right_only
무명칼국수,yljung1,좋아요,right_only
무명칼국수,도날드7549,음식이 맛있어요.,right_only
무명칼국수,뜰이바다,"처음 방문
찜 맛집",right_only
무명칼국수,찌니793,"쫄깃한 수타면발이 너무 맛나서 자꾸 생각나요.
닭칼국수 육수가 진하고 깊어서 보양식 먹은 기분입니다. 해물칼국수도 맛나요.",right_only
무명칼국수,emr****,칼국수 맛있어요. 매장이 청결하고 친절합니다,right_only
무명칼국수,우리가족17,언제나 손님이 많네요.,right_only
무명칼국수,달탱이40,"진쩌 너무 맛있음.. 
해물칼국수 국물이 너무 깔꼼 시원! 
칼국수집에서 만두 맛있다고 느낀건 처음!!
배고파서 먹느라 정싴없어서 사진없음 ㅠ 
조만간 또 가야지",right_only
무명칼국수,사랑해둥이44,김치도 맛나고 칼국수도 굿,right_only
무명칼국수,해바라기9399,"출입문옆 창가석에 앉아서 먹었는데, 조미료맛도 안 나고 국물맛이 옛날 어머니 솜씨네요. 겉절이김치가 넘 맛있고 사장님과 직원분도 친절하세요.",right_only
무명칼국수,soot,"2인 시키면 큰 대접에 주세요!
국물도 시원하고 맛있어요
저번에 비오는날 갔더니 웨이팅 너무 길어서 포기했었는데
이번에는 자리가 있어서 앉았습니다
다음에는 닭칼국수 먹어보려고요",right_only
무명칼국수,sapb2378,"칼국수 안 좋아하는 편인데, 여긴 수제면이엇서 그런지 금방 불지도 않고 쫄깃쫄깃 너무 맛있었어요!!
칼국수집은 김치까지 맛있어야 맛집인데 겉절이와의 조화도 너무 좋았습니당! 
닭칼국수는 밥 말아먹고 싶은 육수의 맛…❤️
공기밥도 팔아주세요ㅜ
비가와서 그런지 전 메뉴도 팔았으면 하는 아쉬움이 있었습니당😂
",right_only
무명칼국수,lovequiet,벼르다가 간 무명칼국수 만두가 JMT,right_only
무명칼국수,YUSU90,"석계역 최고 맛집이에요
해물칼국수 국물이 정말 끝내줍니다",right_only
무명칼국수,나리4584,"오늘은 콩국수 먹었어요
맛있게 잘 먹았습니다
석계역 대표맛집입니다",right_only
무명칼국수,han****,좋아요 ,right_only
무명칼국수,pil****,굿,right_only
무명칼국수,pksmusic55,석계 맛집입니다,right_only
무명칼국수,희망으로 가득찬,편안하고 맛있어요.,right_only
무명칼국수,버들은우,수타라서 그런지 면이 쫄깃해요 해물은 깔끔하고 닭칼국수는 찐덕한게 죽 먹는기분^^,right_only
무명칼국수,salt57,개인적으로 닭칼국수가 좀 더 진하면서 맛있어요:) 만두도맛남!!,right_only
무명칼국수,dka****,"한 그릇에 함께 나오는 칼국수로, 면 자체에 간이 되어 있어 너무 맛있어요!
양이 많아요~",right_only
무명칼국수,딸기채널,좋아요,right_only
무명칼국수,Sia070,칼국수 맛집! 일찍 가야해요~~,right_only
무명칼국수,kd_****,ㅡ,right_only
무명칼국수,tab****,"말모말로
집근처에 이런 칼국수 맛집이 있음에 감사할 따름입니다",right_only
무명칼국수,gREat꺼눙,"해물칼국수 국물은 완전 시원담백합니다.
전날 술 걸죽하게 드신분들은 다음날 요고 드시면 속 바로 풀리겠네요. 만두도 너무 많이고 속이 꽉찼습니다. 너무 맛있게 잘 먹었네요",right_only
무명칼국수,Happyyy0217,손만두랑 닭칼국수 맛나요,right_only
무명칼국수,dpdls,"김치⭕️
닭 칼국수🔺
만두🚫",right_only
무명칼국수,맛탱뤼,면이 수타면? 이라 쫄깃하고 맛있어요. 국물도 진하고요! 김치도 겉절이가 회전이 잘되서 그런지 싱싱하고 맛나네요.! 포장주문도 꽤 되서 주문하고 20뷴정도 기다렸어요 ,right_only
무명칼국수,par****,면발이 쫄깃하고 국물이 짜지 않아서 좋아요,right_only
무명칼국수,Sponge25,"11시 오픈하자마자 갔는데 뒤이어 손님들로 꽉 참 
역시 칼국수 맛집 ",right_only
무명칼국수,배싸리,오늘도 맛있게 잘 먹었습니다.,right_only
무명칼국수,p5879,칼국수맛집~  웨이팅 있고 주차힘드니까 근처 공영주차장 이용해야함,right_only
무명칼국수,Su jin 72,2인분양이 둘이 먹기엔 진짜 많이 주시네요^^국물맛도 시원해서 좋았어요.좀 아쉬운점은 바지락에서 흙이 씹혀서 ㅠ ㅠ ,right_only
무명칼국수,강력1반서반장,"석계역 근처 큰도로 사이 골목에 있는 집입니다

이 집 꽤 오래 되었는데요 예전에나 지금이나 맛, 양 들어가는 재료들 항상 변함없이 좋고요

이 집 다닌지 꽤 오래 되었는데 정말 오랜만에 방문 했더니 줄서는 맛집으로 정말 기뻤습니다만 줄을 서야 해서

사장님 오래동안 음식 잘 부탁드립니다 

화장실 ⭕️ 주차장 ⭕️ wi-fi ❌ 

주차는 큰 도로 옆 공영주차장 주차를 해야 합니다만 주차하기 쉽지 않아요 ㅠㅠ",right_only
무명칼국수,배부른뮤지션,"국물 감칠맛 진짜 좋습니다.
직접 반죽하시는 면도 진짜 쫄깃하고
울퉁불퉁한게 입안 때리는 느낌이 살아있어요

만두도 꼭 드세요 
진미평냉 만두 느낌인데 담백하고 꽉차있습니다

사장님도 너무 친절하십니다.
",right_only
무명칼국수,대박불끈,좋아요,right_only
무명칼국수,대박불끈,맛있어요,right_only
무명칼국수,김찬영4067,국물이 너무시원하고 면발이탱글탱글합니다 만두 진짜맛있어요 무명이아니라 이제 유명해져야될것같아요 이미 유명한가 ㅎㅎ,right_only
무명칼국수,miumiwoo,ㅡ,right_only
무명칼국수,리나래리,무명칼국수 짱이이오,right_only
무명칼국수,방랑객김삿갓,너무 맛있어서 깜박하고 먹다가 사진찍었네요,right_only
무명칼국수,th****,닭칼국수 정말 맛있어요,right_only
무명칼국수,밤하늘에별별별,석계하면 딱 무명 칼국수 아닌가요!!!,right_only
무명칼국수,dpmsrudekf,맛있어서 또 찾게되죠,right_only
무명칼국수,버섯밥,"정말 맛있습니다
해물칼국수는 북어가 들어가서 맛있는 북엇국 국물을 먹는 느낌이 있습니다

칼국수면은 직접자르셔서 투박하지만 또 그만의 매력이 충분했습니다",right_only
무명칼국수,굴비보리,"자주가는 칼국수 맛집이에요
김치도 맛있어요",right_only
무명칼국수,미니워니1004,칼국수 만두 맛이 좋아요 ,right_only
무명칼국수,히츄몽,최고 맛집입니다ㅠㅠ 해물칼국수 짱짱..,right_only
무명칼국수,magnolla,면이 너무 맛있어요 만두도 짱,right_only
무명칼국수,hsi****,굿 ,right_only
무명칼국수,한숑4,굿,right_only
무명칼국수,버터와플90,국물이랑 김치는 맛있는데.. 면이 너무 두꺼운게 호불호가 갈릴듯함,right_only
무명칼국수,zlffj,ㅡ,right_only
무명칼국수,하봉봉44,좋아요,right_only
무명칼국수,mrmr1218,맛있어요,right_only
무명칼국수,주리85,"김치 굿
만두가 잘 터짐",right_only
무명칼국수,샘27,"면발은 쫄깃쫄깃하고
국물은 완전 션해요 ㅎㅎ",right_only
무명칼국수,지구의마음,"주말에 갔더니 번호표 주시더라구요. 그래도 면요리라 회전이 빠른편입니다. 
음식 먹어보니까 왜 이렇게 기다려서 먹는지 알겠는 맛이었어요. 해물이랑 닭칼국수 둘다 정말 맛있어요! 만두도 딱 집에서 만드는 만두느낌, 깔끔하고 맛있습니다. 
주차는 가게 앞에 한대 가능한 것 같고 근처에 공영주차장 있어요~",right_only
무명칼국수,까만콩콩콩콩콩, 칼국수는 항상 맛있어요~ 만두도요~,right_only
무명칼국수,kri****,친절하고 수타면 칼국수도 맛있고 김치맛이 일품이에요,right_only
무명칼국수,kjy****,굿,right_only
무명칼국수,fre****,해물칼국수 바지락과 미더덕이 신선하고 김치도 자극적이지 않게 맛있네요. 국물 감칠맛도 지나치지 않아서 좋아요.,right_only
무명칼국수,맛있는조합을좋아합니다,바지락 해감이 덜된것도 있는데 그럭저럭 잘 먹었습니다. 국물이 깔끔하고 만두도 집만두처럼 담백하고 슴슴한 맛이 매력이예요,right_only
무명칼국수,여기어뗘,해물칼국수 진짜 맛있어요. 만두도 특이해요!!,right_only
무명칼국수,의사누가72,긋,right_only
무명칼국수,wildrose45,석계역 마지막 만찬,right_only
무명칼국수,까만콩콩콩콩콩,점심에 대기가 많아요,right_only
무명칼국수,rud****,좋아요 ,right_only
무명칼국수,꽃순이6924,맛있고 양도 많아요,right_only
무명칼국수,미라194,국물 시원하고 맛있어요.,right_only
무명칼국수,우리가족17,"칼국수, 만두 맛집.",right_only
무명칼국수,모든걸먹어치우는,"칼국수 메뉴가 잘못 나와서 상관없이 그냥 먹고 있었는데 서비스로 주셨어용 ㅠㅜㅠㅜ
맛도 엄청난데 친절까지
완전 최고에오🌸💘😋👍",right_only
무명칼국수,jyk****,쏘쏘,right_only
무명칼국수,까만콩콩콩콩콩,칼국수 맛나요~,right_only
무명칼국수,sun****,양  맛 모두 좋았어요 가성비도 괜찮구요 맛있게 먹다보니 인증샷을 잊었네요,right_only
무명칼국수,kkomzilm,친절하시고 맛있어요 👍 ,right_only
무명칼국수,오록,언제먹어도 맛있는집,right_only
무명칼국수,미모사78,"맛집이라 소문나서 찾아간집,오래기다려서
입장~ 수제칼국수라 면발이 굵고 쫄깃쫄깃 양도 많아요 맛은 기대치만 못하네요",right_only
무명칼국수,강하고담대한자,"여전히 맛있어요
고추삭힌게  덜 삭은거 같아요",right_only
무명칼국수,hyu****,"비오는날 해물칼국수 맛있게 먹고왔어요
만두가 품절이라 아쉬웠어요
다음엔 만두도 먹고와야겠어요~~^^",right_only
무명칼국수,영수증모아모아,맛있어요!,right_only
무명칼국수,연시라마미,좋아요 ,right_only
무명칼국수,까만콩콩콩콩콩,"항상 이용하지만 김치도 맛있고 칼국수, 만두 다 맛있어요~",right_only
무명칼국수,han****,굿,right_only
무명칼국수,pk94,양 많고 맛있어요,right_only
무명칼국수,cristaljj,석계역 맛집입니다^^,right_only
무명칼국수,유머로티,좋아요 ,right_only
무명칼국수,콜라865,맛나고 양도 많아요!,right_only
무명칼국수,eeedk005,너무 맛있어요 진짜 맛집,right_only
무명칼국수,rho****,맛있어요,right_only
무명칼국수,이쁘니536,굿,right_only
무명칼국수,소소한행복28,"친절하신사장님~
부자되세요^^*~",right_only
무명칼국수,수바기박수,맛있어요!!!!!!!!,right_only
무명칼국수,주리85,김치굿,right_only
무명칼국수,Jaem4,너무 맛있어요,right_only
무명칼국수,fu****,국물이 녹진합니다,right_only
무명칼국수,아이슬란드26,맛있어요~,right_only
무명칼국수,horo,첨가봤는데 맛집인정!,right_only
무명칼국수,토토짱89,맛있어요,right_only
무명칼국수,090320,굿,right_only
무명칼국수,Jaem4,너무너무 맛있어요,right_only
무명칼국수,딸기조앙,손칼국수랑 김치 짱 맛있어요,right_only
무명칼국수,밍8964,굳,right_only
무명칼국수,eun****,맛있어요,right_only
무명칼국수,sideroph,걸절이 맛있어요,right_only
무명칼국수,U271,김치 진짜 맛있어요!!,right_only
무명칼국수,처음처럼678,월계동 맛집 또 갈께요,right_only
무명칼국수,맛있거나or맛없거나,"사장님 very very 친절, 닭칼국수 담백, 해물 칼국수 시원 🧡 양 very very 많음, 가격 very very 합리적
모든 것이 완벽했씀~~~~! 가게 앞에 2대 주차 가능한데 길이 좁아서 빠짝 붙여서 주차해야해요( 사장님이 도와주셔서 너무 감사감사) 주문이 많ㅇㅣ들어와서 그런지 칼국수 치고 빨리 나오는 편은 아님 ㅠ",right_only
무명칼국수,국공,나쁘지않습니다,right_only
무명칼국수,hsi****,굿,right_only
무명칼국수,한숑4,굿 ,right_only
무명칼국수,shim229,비오는날은 칼국수^^,right_only
무명칼국수,알콩이275,강추,right_only
무명칼국수,차계숙,굿,right_only
무명칼국수,뚜벅I,존맛탱,right_only
무명칼국수,TY49,굿,right_only
무명칼국수,Lauren25,좋아요.,right_only
무명칼국수,오늘이햅반,"평일 점심인데 대기 있고 먹고 나온 시간이 1시인데 빈자리가 없네요
걷절이 삼삼하다는 평 있는데 저한테는 딱 좋았구요
면은 두께가 제각기인데다가 좀 쫄깃한 느낌이 많아서 다음에 먹는다면 좀 더 삶아달라고 부탁하고 싶네요
그래도 맛있게 잘 먹었습니다",right_only
무명칼국수,twinhs,담백한 해물칼국수 일품입니다,right_only
무명칼국수,탁구공6789,"겉절이도 칼국수도 만두도
맛있게 먹었습니다",right_only
무명칼국수,숙이778,맛나요,right_only
무명칼국수,yub****,맛나요,right_only
무명칼국수,nblackrose,굳,right_only
무명칼국수,츄츄쨔츄,맛있나?.. 모르겠다,right_only
무명칼국수,car****,맛있어요,right_only
무명칼국수,80614,비오는  오늘국물이  좋네요,right_only
무명칼국수,현서483,맛있어요,right_only
무명칼국수,쥬쥬9629,정말 맛있어요~~!!,right_only
무명칼국수,행복쓰26,맛있어요,right_only
무명칼국수,ado****,칼국수를 좋아해서 일부러 찾아가긴 했는데 국수나 김치가 넘 짰어요. 특히 칼국수 국물은 넘 짜서 이걸 어케 먹지..뜨건물 더 부어서 먹었네요.그래도 테이블엔 손님들이 바로바로 차더라구요.ㅋ,right_only
무명칼국수,kws****,굿,right_only
무명칼국수,jun****,굿,right_only
무명칼국수,JUK,"일욜 점심에도 웨이팅 있네요. 칼국수, 만두 다 맛있어요.",right_only
무명칼국수,moonhk58,바지락칼국수 바지락도 많이 들어있고 시원해요.,right_only
무명칼국수,미러비,"집 근처라 포장 육수가 맛있어요
아이도 좋아해요",right_only
무명칼국수,12****,칼국수 만두 존맛,right_only
무명칼국수,bluetoyjin,빨리 안 가면 국수 없어요!! ,right_only
무명칼국수,isk****,맛나요 ,right_only
무명칼국수,조윤경4811,굿,right_only
무명칼국수,bys****,칼국수 맛있었어요~,right_only
무명칼국수,신135606,"2주에 한 번은 토요일 점심 메뉴가 되는 집이었어요!
이사갔지만 근처 오면 꼭 들리는 해물 칼국수 맛집입니다.",right_only
무명칼국수,mjm****,맛있어요,right_only
무명칼국수,아이렌3859,맛나요,right_only
무명칼국수,자영494,굿,right_only
무명칼국수,ohn****,굿,right_only
무명칼국수,mal****,좋아요,right_only
무명칼국수,kkkkk2727,친절해요,right_only
무명칼국수,날아랏93,국,right_only
무명칼국수,파란하늘9966,Good ,right_only
무명칼국수,seoriny,"칼국수가 깔끔하고 맛있어요. 
만두도 강추!",right_only
무명칼국수,동그라미044,"칼국수도 만두도 맛있어요.
친절하세요😊",right_only
무명칼국수,woo****,닭고기가 더 많음 좋겠어요,right_only
무명칼국수,깽깽이37,좋아요~~,right_only
무명칼국수,sab****,굿,right_only
무명칼국수,su02013050,굿,right_only
무명칼국수,you****,맛있어요,right_only
무명칼국수,woo****,ㅇ,right_only
무명칼국수,son619,굿,right_only
무명칼국수,큐티마왕,굿,right_only
무명칼국수,치치형훈마미,굿,right_only
무명칼국수,Goo93,사장님 친절하고 양많고 맛있어요!!,right_only
무명칼국수,귀신1041,굿,right_only
무명칼국수,imik2008,사람들이 줄서서 먹는곳,right_only
무명칼국수,jes love,맛이 좋아요 ~,right_only
무명칼국수,아들둥맘46,20년째 단골이에요,right_only
무명칼국수,조하조아,"친절하시고 맛도 괜찮은데
오랜만에 방문했더니 가격이 오름",right_only
무명칼국수,잠순이6143,굿,right_only
무명칼국수,hun****,칼국수 생각나면 생활반경내에서 갈만한 곳입니다,right_only
무명칼국수,Firepunch,해물칼국수 진짜 너무 맛있어요 ㅜㅜㅜㅜㅜㅜㅜㅜㅜㅜㅜ,right_only
무명칼국수,알콩달콩 새댁,친절해요,right_only
무명칼국수,사막야옹,친절해요,right_only
무명칼국수,파랑앤홍,굿,right_only
무명칼국수,80614,굿,right_only
무명칼국수,ysj****,굿,right_only
무명칼국수,마카롱딸기바닐라,"위생관념 좀 챙겨주세요 칼국수 국물에 손가락을 빠트리시네요ㅡㅡ;;
먹는 내내 찝찝했네요…;;",right_only
무명칼국수,sagte,좋아요 ,right_only
무명칼국수,bea3231,굿,right_only
무명칼국수,여니사,무명칼국수 변하지 않는 맛이라 정말 좋아요 소울푸드!,right_only
무명칼국수,유머로티,"돌 안나오게 신경써 주심 좋겠어요
맛은 항상 굿~~!!",right_only
무명칼국수,도레기,좋아요,right_only
무명칼국수,Odor62,맛집,right_only
무명칼국수,쩝쩝박사특,가격이 올랐나봐요. 해물칼국수 7000원인줄 알고 갔는데 계산할 때보니 8000원이네요ㅎ,right_only
무명칼국수,용용이5378,굿,right_only
무명칼국수,mon****,굿 ,right_only
무명칼국수,유머로티,"좋아요 
닭보다 해물이 더 맛있네요",right_only
무명칼국수,피오나449,면이 엄청 쫄깃쫄깃해요~  국물은 황태랑 바지락이 들어가서 진하고 시원했어요 ~ 만두는 집에서 만든ㄱㅓ처럼 피가 엄청 얇고 맛이 과하지 않고 좋았습니다,right_only
무명칼국수,candy4266,너무 맛있어요,right_only
무명칼국수,jsk****,긋,right_only
무명칼국수,jablum2,좋아요 ,right_only
무명칼국수,써업76,정말 추천할 맛 입니다~~ ^^,right_only
무명칼국수,in****,굿,right_only
무명칼국수,은빛여우65,"왕만두와 해물칼국수~♡♡♡♡♡♡♡

이곳은 해감이 잘 되어서 바지락 먹기 좋더라구요.

메밀을 첨가한 만두...
쫀득쫀득~ 맛이 아주 좋답니다~☆

비오가 흩날리는 날 점심으로~~
딱~☆ 입니다.


지하철 1호선(1번출구) 6호선(응암방향 맨앞 1-1칸) 나와 광운대역(구 성북역) 방향으로
2~300 m 걷다 왼쪽으로 있는
"" 무명 칼국수"" 입니다~

기계로 뽑은 면이 아닌 수타로 만든 
도톰한 칼국수 가락입니다~",right_only
무명칼국수,hye****,굿,right_only
무명칼국수,80614,맛있어요,right_only
무명칼국수,jungkm02,좋아요,right_only
무명칼국수,철판김선생,굿,right_only
무명칼국수,호록61,"꽤 여러번 갔는데 맛이 바뀌었네요ㅜㅜ
해물칼국수 국물이랑 김치가 맛있었는데 
오늘은 국물도 시원하지 않고 김치 맛도 그저그랬어요",right_only
무명칼국수,숙이778,오랫동안 이용한 가게인데 요즘은 사람이 많아서 잘 못 먹었어요ㅠㅠ 오늘 점심시간 조금지나서 가니 기다리지 않고 먹고 왔네요,right_only
무명칼국수,밀땅01,맛있어요!!,right_only
무명칼국수,이수연4497,굿,right_only
무명칼국수,요가해봄,면이ㅡ쫄깃 탱탱하니 맛있어요,right_only
무명칼국수,이수연4497,맛있어요!,right_only
무명칼국수,아나라사다,굿,right_only
무명칼국수,Oo마녀oO,"석계역 맛집.
줄은 좀 기다렸지만 맛있게 잘 먹었네요",right_only
무명칼국수,생기빵빵,칼국수와 만두가 맛있는 집!,right_only
무명칼국수,ope****,굿,right_only
무명칼국수,배싸리,"칼국수도 만두도 정말 맛있습니다.근데, 전화번호 직접 적지 말고 qr이나 방문통화 인증 되면 좋을 것 같아요",right_only
무명칼국수,무도사6,맛있음 진짜,right_only
무명칼국수,mhp****,ㅎ,right_only
무명칼국수,해피트리75,맛있어요,right_only
무명칼국수,아들둥맘46,맛있어요,right_only
무명칼국수,RYO,나쁘지 않아요,right_only
무명칼국수,구름애플,맛집. 맛있고 남자 직원분 친절하고 점심엔 줄서서 먹네요,right_only
무명칼국수,하우맘,"직접 만든 칼국수, 신선한 재료 , 너무 맛있어요",right_only
무명칼국수,느긋2,시험 보는장소 옆이 여서 가서 먹었는데 나쁘지 않았어요,right_only
무명칼국수,gys****,맛있어요,right_only
무명칼국수,da****,좋아요,right_only
무명칼국수,spy****,맛있어요,right_only
무명칼국수,미니언즈4560,맛잇어요,right_only
무명칼국수,라캉,양 많고 맛납니다. 단점은 어느시간에 가도 사람이 많은거에..코로나 시국이라..,right_only
무명칼국수,유머로티,좋아요,right_only
무명칼국수,요가해봄,면이 쫄깃하니 맛있어요,right_only
무명칼국수,HWI MOM,굿,right_only
무명칼국수,MHMH33,굳,right_only
무명칼국수,이은주서울1,맛있어요~,right_only
무명칼국수,솜사탕6915,너무 맛있어요,right_only
무명칼국수,듕듕듕듕듕,무명칼국수 넘넘 가성비 짱!!!,right_only
무명칼국수,리야6599,굿,right_only
무명칼국수,맛있는집찾는것이낙,맷돌로 갈아서 그런지 더 맛있는 콩국수,right_only
무명칼국수,happy2373,굿,right_only
무명칼국수,yek****,굿,right_only
한상,chosen93,음식 정갈하고 맛있네요~ 공간이 넓어 쾌적하게 식사했습니다. 무엇보다 직원분들이 친절하셔서 더 만족해요~,right_only
